Entity,Code,Year,Average annual working hours per worker
Argentina,ARG,1950,2034
Argentina,ARG,1951,2037.8667
Argentina,ARG,1952,2041.7408
Argentina,ARG,1953,2045.6223
Argentina,ARG,1954,2049.5112
Argentina,ARG,1955,2053.4075
Argentina,ARG,1956,2057.311
Argentina,ARG,1957,2061.2222
Argentina,ARG,1958,2065.1406
Argentina,ARG,1959,2069.0667
Argentina,ARG,1960,2073
Argentina,ARG,1961,2066.2004
Argentina,ARG,1962,2059.4233
Argentina,ARG,1963,2052.6685
Argentina,ARG,1964,2045.9355
Argentina,ARG,1965,2039.2249
Argentina,ARG,1966,2032.5361
Argentina,ARG,1967,2025.8694
Argentina,ARG,1968,2019.2245
Argentina,ARG,1969,2012.6013
Argentina,ARG,1970,2006
Argentina,ARG,1971,2002.6611
Argentina,ARG,1972,1999.3278
Argentina,ARG,1973,1996
Argentina,ARG,1974,1992.8422
Argentina,ARG,1975,1989.6893
Argentina,ARG,1976,1986.5415
Argentina,ARG,1977,1983.3987
Argentina,ARG,1978,1980.2609
Argentina,ARG,1979,1977.1279
Argentina,ARG,1980,1974
Argentina,ARG,1981,1961.2301
Argentina,ARG,1982,1948.5427
Argentina,ARG,1983,1935.9375
Argentina,ARG,1984,1923.4137
Argentina,ARG,1985,1910.9711
Argentina,ARG,1986,1898.6089
Argentina,ARG,1987,1886.3267
Argentina,ARG,1988,1874.1238
Argentina,ARG,1989,1862
Argentina,ARG,1990,1850
Argentina,ARG,1991,1837.9608
Argentina,ARG,1992,1826
Argentina,ARG,1993,1850.3378
Argentina,ARG,1994,1875
Argentina,ARG,1995,1881.9612
Argentina,ARG,1996,1888.9481
Argentina,ARG,1997,1895.9611
Argentina,ARG,1998,1903
Argentina,ARG,1999,1887.285
Argentina,ARG,2000,1862.1362
Argentina,ARG,2001,1811.1526
Argentina,ARG,2002,1710.0365
Argentina,ARG,2003,1713.5746
Argentina,ARG,2004,1730.8173
Argentina,ARG,2005,1761.3994
Argentina,ARG,2006,1765.6013
Argentina,ARG,2007,1780.5565
Argentina,ARG,2008,1781.4246
Argentina,ARG,2009,1742.9043
Argentina,ARG,2010,1751.7655
Argentina,ARG,2011,1750.9741
Argentina,ARG,2012,1726.2584
Argentina,ARG,2013,1714.8711
Argentina,ARG,2014,1695.364
Argentina,ARG,2015,1691.5363
Argentina,ARG,2016,1691.5363
Argentina,ARG,2017,1691.5363
Australia,AUS,1870,2792
Australia,AUS,1880,2647
Australia,AUS,1890,2501
Australia,AUS,1900,2385
Australia,AUS,1913,2214
Australia,AUS,1929,2186
Australia,AUS,1938,2109
Australia,AUS,1950,2178.2456
Australia,AUS,1951,2158.1013
Australia,AUS,1952,2138.1436
Australia,AUS,1953,2118.3701
Australia,AUS,1954,2098.7798
Australia,AUS,1955,2079.3704
Australia,AUS,1956,2060.1406
Australia,AUS,1957,2041.0886
Australia,AUS,1958,2022.2129
Australia,AUS,1959,2003.5116
Australia,AUS,1960,1984.9834
Australia,AUS,1961,1981.3214
Australia,AUS,1962,1977.6663
Australia,AUS,1963,1974.0178
Australia,AUS,1964,1970.3761
Australia,AUS,1965,1966.7411
Australia,AUS,1966,1963.1128
Australia,AUS,1967,1959.4912
Australia,AUS,1968,1955.8762
Australia,AUS,1969,1952.2679
Australia,AUS,1970,1948.6664
Australia,AUS,1971,1929.967
Australia,AUS,1972,1909.5677
Australia,AUS,1973,1896.1807
Australia,AUS,1974,1913.4988
Australia,AUS,1975,1900.218
Australia,AUS,1976,1910.6301
Australia,AUS,1977,1912.4364
Australia,AUS,1978,1913.2864
Australia,AUS,1979,1918.705
Australia,AUS,1980,1919.1102
Australia,AUS,1981,1900.6442
Australia,AUS,1982,1881.5066
Australia,AUS,1983,1869.0269
Australia,AUS,1984,1883.6864
Australia,AUS,1985,1870.23
Australia,AUS,1986,1880.6699
Australia,AUS,1987,1877.5311
Australia,AUS,1988,1874.5796
Australia,AUS,1989,1887.2697
Australia,AUS,1990,1867.9515
Australia,AUS,1991,1853.8984
Australia,AUS,1992,1851.8408
Australia,AUS,1993,1869.6207
Australia,AUS,1994,1877.7278
Australia,AUS,1995,1875.9148
Australia,AUS,1996,1868.7593
Australia,AUS,1997,1867.0762
Australia,AUS,1998,1851.2338
Australia,AUS,1999,1855.8291
Australia,AUS,2000,1854.0353
Australia,AUS,2001,1818.213
Australia,AUS,2002,1814.1021
Australia,AUS,2003,1806.7209
Australia,AUS,2004,1805.0198
Australia,AUS,2005,1803.0101
Australia,AUS,2006,1791.9933
Australia,AUS,2007,1792.6515
Australia,AUS,2008,1790.54
Australia,AUS,2009,1761.7957
Australia,AUS,2010,1769.3094
Australia,AUS,2011,1768.6494
Australia,AUS,2012,1759.5193
Australia,AUS,2013,1755.8271
Australia,AUS,2014,1747.937
Australia,AUS,2015,1747.009
Australia,AUS,2016,1734.215
Australia,AUS,2017,1731.4943
Austria,AUT,1950,2085.6694
Austria,AUT,1951,2083.0156
Austria,AUT,1952,2080.3652
Austria,AUT,1953,2077.718
Austria,AUT,1954,2075.0742
Austria,AUT,1955,2072.4338
Austria,AUT,1956,2069.7966
Austria,AUT,1957,2067.1631
Austria,AUT,1958,2064.5327
Austria,AUT,1959,2061.9058
Austria,AUT,1960,2059.282
Austria,AUT,1961,2046.6298
Austria,AUT,1962,2034.0552
Austria,AUT,1963,2021.558
Austria,AUT,1964,2009.1375
Austria,AUT,1965,1996.7932
Austria,AUT,1966,1984.5249
Austria,AUT,1967,1972.3319
Austria,AUT,1968,1960.2139
Austria,AUT,1969,1948.1703
Austria,AUT,1970,1890.1375
Austria,AUT,1971,1885.288
Austria,AUT,1972,1905.7499
Austria,AUT,1973,1900.7313
Austria,AUT,1974,1978.6625
Austria,AUT,1975,1903.9717
Austria,AUT,1976,1898.0424
Austria,AUT,1977,1904.7831
Austria,AUT,1978,1844.0676
Austria,AUT,1979,1876.6804
Austria,AUT,1980,1881.0354
Austria,AUT,1981,1819.1412
Austria,AUT,1982,1835.1189
Austria,AUT,1983,1829.9122
Austria,AUT,1984,1825.9255
Austria,AUT,1985,1821.5303
Austria,AUT,1986,1820.7109
Austria,AUT,1987,1808.7163
Austria,AUT,1988,1812.1312
Austria,AUT,1989,1825.2433
Austria,AUT,1990,1826.0298
Austria,AUT,1991,1836.4442
Austria,AUT,1992,1804.9314
Austria,AUT,1993,1802.2981
Austria,AUT,1994,1800.5381
Austria,AUT,1995,1774.4364
Austria,AUT,1996,1807.2706
Austria,AUT,1997,1815.692
Austria,AUT,1998,1794.0305
Austria,AUT,1999,1797.9713
Austria,AUT,2000,1798.4323
Austria,AUT,2001,1785.4202
Austria,AUT,2002,1782.8479
Austria,AUT,2003,1773.9779
Austria,AUT,2004,1776.4658
Austria,AUT,2005,1752.4894
Austria,AUT,2006,1735.6696
Austria,AUT,2007,1724.7792
Austria,AUT,2008,1717.1951
Austria,AUT,2009,1673.0751
Austria,AUT,2010,1665.8439
Austria,AUT,2011,1671.6877
Austria,AUT,2012,1647.8529
Austria,AUT,2013,1632.0676
Austria,AUT,2014,1621.5658
Austria,AUT,2015,1598.8944
Austria,AUT,2016,1609.3523
Austria,AUT,2017,1613.0519
Bangladesh,BGD,1970,2071.4104
Bangladesh,BGD,1971,2075.1843
Bangladesh,BGD,1972,2078.1372
Bangladesh,BGD,1973,2079.9597
Bangladesh,BGD,1974,2081.0764
Bangladesh,BGD,1975,2085.5564
Bangladesh,BGD,1976,2087.4951
Bangladesh,BGD,1977,2089.5979
Bangladesh,BGD,1978,2092.1418
Bangladesh,BGD,1979,2095.2627
Bangladesh,BGD,1980,2099.0146
Bangladesh,BGD,1981,2103.7871
Bangladesh,BGD,1982,2117.376
Bangladesh,BGD,1983,2130.7109
Bangladesh,BGD,1984,2143.5508
Bangladesh,BGD,1985,2111.8611
Bangladesh,BGD,1986,2083.7917
Bangladesh,BGD,1987,2066.4663
Bangladesh,BGD,1988,2052.2288
Bangladesh,BGD,1989,2040.8845
Bangladesh,BGD,1990,2122.0144
Bangladesh,BGD,1991,2204.1492
Bangladesh,BGD,1992,2182.9199
Bangladesh,BGD,1993,2162.833
Bangladesh,BGD,1994,2143.9639
Bangladesh,BGD,1995,2126.3477
Bangladesh,BGD,1996,2111.6362
Bangladesh,BGD,1997,2141.6018
Bangladesh,BGD,1998,2169.1011
Bangladesh,BGD,1999,2194.2813
Bangladesh,BGD,2000,2216.7761
Bangladesh,BGD,2001,2129.5923
Bangladesh,BGD,2002,2044.2791
Bangladesh,BGD,2003,1960.5166
Bangladesh,BGD,2004,2061.4739
Bangladesh,BGD,2005,2160.9841
Bangladesh,BGD,2006,2259.6313
Bangladesh,BGD,2007,2245.3359
Bangladesh,BGD,2008,2239.2898
Bangladesh,BGD,2009,2241.0042
Bangladesh,BGD,2010,2250.1528
Bangladesh,BGD,2011,2311.7678
Bangladesh,BGD,2012,2274.5391
Bangladesh,BGD,2013,2231.4285
Bangladesh,BGD,2014,2231.8721
Bangladesh,BGD,2015,2232.3542
Bangladesh,BGD,2016,2232.3542
Bangladesh,BGD,2017,2232.3542
Barbados,BRB,1991,1658.1062
Barbados,BRB,1992,1638.2186
Barbados,BRB,1993,1660.3339
Barbados,BRB,1994,1675.1111
Barbados,BRB,1995,1694.7531
Barbados,BRB,1996,1717.1149
Barbados,BRB,1997,1727.7413
Barbados,BRB,1998,1728.5961
Barbados,BRB,1999,1733.9471
Barbados,BRB,2000,1753.2524
Barbados,BRB,2001,1764.2705
Belgium,BEL,1870,3483
Belgium,BEL,1880,3344
Belgium,BEL,1890,3177
Belgium,BEL,1900,3064
Belgium,BEL,1913,2841
Belgium,BEL,1929,2229
Belgium,BEL,1938,2196
Belgium,BEL,1950,2106.1504
Belgium,BEL,1951,2095.8718
Belgium,BEL,1952,2085.6436
Belgium,BEL,1953,2075.4653
Belgium,BEL,1954,2065.3364
Belgium,BEL,1955,2055.2573
Belgium,BEL,1956,2045.2272
Belgium,BEL,1957,2035.246
Belgium,BEL,1958,2025.3136
Belgium,BEL,1959,2015.4296
Belgium,BEL,1960,2005.5939
Belgium,BEL,1961,1993.6304
Belgium,BEL,1962,1981.738
Belgium,BEL,1963,1969.9169
Belgium,BEL,1964,1958.166
Belgium,BEL,1965,1946.4854
Belgium,BEL,1966,1934.8744
Belgium,BEL,1967,1923.3326
Belgium,BEL,1968,1911.8597
Belgium,BEL,1969,1900.4553
Belgium,BEL,1970,1889.1189
Belgium,BEL,1971,1879.7579
Belgium,BEL,1972,1853.5769
Belgium,BEL,1973,1827.1119
Belgium,BEL,1974,1797.0769
Belgium,BEL,1975,1787.1979
Belgium,BEL,1976,1787.9839
Belgium,BEL,1977,1762.5139
Belgium,BEL,1978,1743.7579
Belgium,BEL,1979,1726.9879
Belgium,BEL,1980,1707.126
Belgium,BEL,1981,1683.522
Belgium,BEL,1982,1669.516
Belgium,BEL,1983,1675.5209
Belgium,BEL,1984,1699.528
Belgium,BEL,1985,1705.5309
Belgium,BEL,1986,1685.5239
Belgium,BEL,1987,1670.5179
Belgium,BEL,1988,1658.516
Belgium,BEL,1989,1649.511
Belgium,BEL,1990,1663.517
Belgium,BEL,1991,1626.5049
Belgium,BEL,1992,1603.4989
Belgium,BEL,1993,1559.4839
Belgium,BEL,1994,1559.4839
Belgium,BEL,1995,1585.4919
Belgium,BEL,1996,1559.4839
Belgium,BEL,1997,1572.4879
Belgium,BEL,1998,1583.491
Belgium,BEL,1999,1582.491
Belgium,BEL,2000,1594.8505
Belgium,BEL,2001,1588.3749
Belgium,BEL,2002,1582.7155
Belgium,BEL,2003,1577.7917
Belgium,BEL,2004,1572.9613
Belgium,BEL,2005,1565.4303
Belgium,BEL,2006,1572.2457
Belgium,BEL,2007,1576.6563
Belgium,BEL,2008,1569.9797
Belgium,BEL,2009,1548.1161
Belgium,BEL,2010,1545.848
Belgium,BEL,2011,1559.6238
Belgium,BEL,2012,1559.9052
Belgium,BEL,2013,1558.0079
Belgium,BEL,2014,1555.2025
Belgium,BEL,2015,1544.61
Belgium,BEL,2016,1545.8151
Belgium,BEL,2017,1544.269
Brazil,BRA,1950,2042
Brazil,BRA,1951,2051.0186
Brazil,BRA,1952,2060.0771
Brazil,BRA,1953,2069.1755
Brazil,BRA,1954,2078.3142
Brazil,BRA,1955,2087.4932
Brazil,BRA,1956,2096.7129
Brazil,BRA,1957,2105.9731
Brazil,BRA,1958,2115.2742
Brazil,BRA,1959,2124.6165
Brazil,BRA,1960,2134
Brazil,BRA,1961,2135.0974
Brazil,BRA,1962,2136.1956
Brazil,BRA,1963,2137.2939
Brazil,BRA,1964,2138.3933
Brazil,BRA,1965,2139.4929
Brazil,BRA,1966,2140.5933
Brazil,BRA,1967,2141.6941
Brazil,BRA,1968,2142.7954
Brazil,BRA,1969,2143.8975
Brazil,BRA,1970,2145
Brazil,BRA,1971,2128.5408
Brazil,BRA,1972,2112.2078
Brazil,BRA,1973,2096
Brazil,BRA,1974,2079.7708
Brazil,BRA,1975,2063.667
Brazil,BRA,1976,2047.6881
Brazil,BRA,1977,2031.8329
Brazil,BRA,1978,2016.1005
Brazil,BRA,1979,2000.4897
Brazil,BRA,1980,1985
Brazil,BRA,1981,1974.0968
Brazil,BRA,1982,1963.2535
Brazil,BRA,1983,1952.4698
Brazil,BRA,1984,1941.7454
Brazil,BRA,1985,1931.0797
Brazil,BRA,1986,1920.4728
Brazil,BRA,1987,1909.924
Brazil,BRA,1988,1899.4332
Brazil,BRA,1989,1889
Brazil,BRA,1990,1879
Brazil,BRA,1991,1868.4705
Brazil,BRA,1992,1858
Brazil,BRA,1993,1858.9998
Brazil,BRA,1994,1860
Brazil,BRA,1995,1855.2317
Brazil,BRA,1996,1850.4756
Brazil,BRA,1997,1845.7317
Brazil,BRA,1998,1841
Brazil,BRA,1999,1813.8428
Brazil,BRA,2000,1837.927
Brazil,BRA,2001,1828.3264
Brazil,BRA,2002,1818.7257
Brazil,BRA,2003,1811.1825
Brazil,BRA,2004,1803.1261
Brazil,BRA,2005,1783.1312
Brazil,BRA,2006,1778.7123
Brazil,BRA,2007,1781.6913
Brazil,BRA,2008,1784.6703
Brazil,BRA,2009,1779.3353
Brazil,BRA,2010,1779.5791
Brazil,BRA,2011,1773.1746
Brazil,BRA,2012,1766.77
Brazil,BRA,2013,1755.6323
Brazil,BRA,2014,1739.4747
Brazil,BRA,2015,1709.4856
Brazil,BRA,2016,1709.4856
Brazil,BRA,2017,1709.4856
Bulgaria,BGR,1995,1710.674
Bulgaria,BGR,1996,1708.2025
Bulgaria,BGR,1997,1706.8674
Bulgaria,BGR,1998,1649.981
Bulgaria,BGR,1999,1669.4999
Bulgaria,BGR,2000,1640.2538
Bulgaria,BGR,2001,1651.8589
Bulgaria,BGR,2002,1651.2594
Bulgaria,BGR,2003,1640.5111
Bulgaria,BGR,2004,1663.6887
Bulgaria,BGR,2005,1658.6464
Bulgaria,BGR,2006,1654.1027
Bulgaria,BGR,2007,1654.5214
Bulgaria,BGR,2008,1693.5959
Bulgaria,BGR,2009,1646.2753
Bulgaria,BGR,2010,1644.8379
Bulgaria,BGR,2011,1643.5928
Bulgaria,BGR,2012,1644.4498
Bulgaria,BGR,2013,1644.9795
Bulgaria,BGR,2014,1644.059
Bulgaria,BGR,2015,1644.3853
Bulgaria,BGR,2016,1643.5475
Bulgaria,BGR,2017,1643.5475
Cambodia,KHM,1993,2190.6436
Cambodia,KHM,1994,2160.658
Cambodia,KHM,1995,2187.2813
Cambodia,KHM,1996,2191.9963
Cambodia,KHM,1997,2202.3345
Cambodia,KHM,1998,2239.2913
Cambodia,KHM,1999,2265.4268
Cambodia,KHM,2000,2296.8909
Cambodia,KHM,2001,2321.0562
Cambodia,KHM,2002,2367.1667
Cambodia,KHM,2003,2366.4758
Cambodia,KHM,2004,2374.304
Cambodia,KHM,2005,2373.7581
Cambodia,KHM,2006,2374.1353
Cambodia,KHM,2007,2380.8865
Cambodia,KHM,2008,2382.5652
Cambodia,KHM,2009,2389.0847
Cambodia,KHM,2010,2390.1621
Cambodia,KHM,2011,2408.062
Cambodia,KHM,2012,2414.2522
Cambodia,KHM,2013,2423.9707
Cambodia,KHM,2014,2442.6956
Cambodia,KHM,2015,2455.5508
Cambodia,KHM,2016,2455.5508
Cambodia,KHM,2017,2455.5508
Canada,CAN,1870,2845
Canada,CAN,1880,2934
Canada,CAN,1890,3017
Canada,CAN,1900,3102
Canada,CAN,1913,2868
Canada,CAN,1929,2354
Canada,CAN,1938,2212
Canada,CAN,1950,2209.2341
Canada,CAN,1951,2194.1836
Canada,CAN,1952,2181.9395
Canada,CAN,1953,2180.5283
Canada,CAN,1954,2172.6038
Canada,CAN,1955,2154.6565
Canada,CAN,1956,2142.2791
Canada,CAN,1957,2122.9817
Canada,CAN,1958,2107.6152
Canada,CAN,1959,2104.4343
Canada,CAN,1960,2090.8059
Canada,CAN,1961,2066.4954
Canada,CAN,1962,2065.0449
Canada,CAN,1963,2050.3577
Canada,CAN,1964,2039.1084
Canada,CAN,1965,2021.2146
Canada,CAN,1966,1995.1143
Canada,CAN,1967,1985.5981
Canada,CAN,1968,1961.4777
Canada,CAN,1969,1942.4684
Canada,CAN,1970,1925
Canada,CAN,1971,1912
Canada,CAN,1972,1904
Canada,CAN,1973,1898
Canada,CAN,1974,1891
Canada,CAN,1975,1872
Canada,CAN,1976,1862
Canada,CAN,1977,1834
Canada,CAN,1978,1836
Canada,CAN,1979,1841
Canada,CAN,1980,1827
Canada,CAN,1981,1812
Canada,CAN,1982,1789
Canada,CAN,1983,1779
Canada,CAN,1984,1789
Canada,CAN,1985,1795
Canada,CAN,1986,1797
Canada,CAN,1987,1807
Canada,CAN,1988,1808
Canada,CAN,1989,1802
Canada,CAN,1990,1797
Canada,CAN,1991,1775
Canada,CAN,1992,1772
Canada,CAN,1993,1769
Canada,CAN,1994,1778
Canada,CAN,1995,1775
Canada,CAN,1996,1790
Canada,CAN,1997,1785.3007
Canada,CAN,1998,1782.1237
Canada,CAN,1999,1782.0236
Canada,CAN,2000,1778.6147
Canada,CAN,2001,1771.0833
Canada,CAN,2002,1753.5767
Canada,CAN,2003,1746.0255
Canada,CAN,2004,1759.0833
Canada,CAN,2005,1746.6008
Canada,CAN,2006,1744.8906
Canada,CAN,2007,1741.265
Canada,CAN,2008,1734.8149
Canada,CAN,2009,1701.0571
Canada,CAN,2010,1703.0271
Canada,CAN,2011,1699.6071
Canada,CAN,2012,1712.5425
Canada,CAN,2013,1707.413
Canada,CAN,2014,1703.6506
Canada,CAN,2015,1707.073
Canada,CAN,2016,1702.9673
Canada,CAN,2017,1696.4624
Chile,CHL,1951,2677.8069
Chile,CHL,1952,2655.0442
Chile,CHL,1953,2632.4749
Chile,CHL,1954,2610.0974
Chile,CHL,1955,2587.9102
Chile,CHL,1956,2565.9114
Chile,CHL,1957,2544.0999
Chile,CHL,1958,2522.4736
Chile,CHL,1959,2501.0313
Chile,CHL,1960,2479.771
Chile,CHL,1961,2471.2148
Chile,CHL,1962,2462.688
Chile,CHL,1963,2454.1907
Chile,CHL,1964,2445.7227
Chile,CHL,1965,2437.2839
Chile,CHL,1966,2428.8743
Chile,CHL,1967,2420.4937
Chile,CHL,1968,2412.1418
Chile,CHL,1969,2403.8188
Chile,CHL,1970,2395.5247
Chile,CHL,1971,2392.6724
Chile,CHL,1972,2389.8235
Chile,CHL,1973,2386.978
Chile,CHL,1974,2384.0017
Chile,CHL,1975,2381.0291
Chile,CHL,1976,2378.0603
Chile,CHL,1977,2375.095
Chile,CHL,1978,2372.1335
Chile,CHL,1979,2369.1758
Chile,CHL,1980,2366.2217
Chile,CHL,1981,2371.7322
Chile,CHL,1982,2377.2556
Chile,CHL,1983,2382.7917
Chile,CHL,1984,2388.3411
Chile,CHL,1985,2393.9031
Chile,CHL,1986,2399.478
Chile,CHL,1987,2405.0659
Chile,CHL,1988,2410.667
Chile,CHL,1989,2416.281
Chile,CHL,1990,2422.3857
Chile,CHL,1991,2418.905
Chile,CHL,1992,2415.4243
Chile,CHL,1993,2389.4006
Chile,CHL,1994,2363.6575
Chile,CHL,1995,2338.1917
Chile,CHL,1996,2313
Chile,CHL,1997,2256
Chile,CHL,1998,2299
Chile,CHL,1999,2277
Chile,CHL,2000,2263
Chile,CHL,2001,2242
Chile,CHL,2002,2250
Chile,CHL,2003,2235
Chile,CHL,2004,2232
Chile,CHL,2005,2157
Chile,CHL,2006,2165
Chile,CHL,2007,2128
Chile,CHL,2008,2095
Chile,CHL,2009,2074
Chile,CHL,2010,2070
Chile,CHL,2011,2047
Chile,CHL,2012,2024
Chile,CHL,2013,2015
Chile,CHL,2014,1990
Chile,CHL,2015,1988
Chile,CHL,2016,1974
Chile,CHL,2017,1974
China,CHN,1970,1976.312
China,CHN,1971,1975.7937
China,CHN,1972,1975.5077
China,CHN,1973,1975.3647
China,CHN,1974,1975.1897
China,CHN,1975,1974.8975
China,CHN,1976,1974.2075
China,CHN,1977,1973.4353
China,CHN,1978,1972.7274
China,CHN,1979,1972.1038
China,CHN,1980,1971.4967
China,CHN,1981,1971.1016
China,CHN,1982,1970.7063
China,CHN,1983,1970.1927
China,CHN,1984,1969.7229
China,CHN,1985,1969.3905
China,CHN,1986,1970.4417
China,CHN,1987,1971.4633
China,CHN,1988,1972.6764
China,CHN,1989,1973.9873
China,CHN,1990,1975.354
China,CHN,1991,1976.88
China,CHN,1992,1978.4241
China,CHN,1993,1981.6498
China,CHN,1994,1989.3041
China,CHN,1995,2001.834
China,CHN,1996,2017.2693
China,CHN,1997,2037.369
China,CHN,1998,2062.054
China,CHN,1999,2082.0659
China,CHN,2000,2090.4753
China,CHN,2001,2103.5127
China,CHN,2002,2118.1997
China,CHN,2003,2138.0828
China,CHN,2004,2167.8962
China,CHN,2005,2192.3545
China,CHN,2006,2183.0564
China,CHN,2007,2152.6538
China,CHN,2008,2131.5859
China,CHN,2009,2138.8472
China,CHN,2010,2172.7104
China,CHN,2011,2178.7708
China,CHN,2012,2184.2307
China,CHN,2013,2178.241
China,CHN,2014,2178.1633
China,CHN,2015,2174.3501
China,CHN,2016,2174.3501
China,CHN,2017,2174.3501
Colombia,COL,1950,2323
Colombia,COL,1951,2312.28
Colombia,COL,1952,2301.6096
Colombia,COL,1953,2290.9885
Colombia,COL,1954,2280.4163
Colombia,COL,1955,2269.8931
Colombia,COL,1956,2259.4182
Colombia,COL,1957,2248.9917
Colombia,COL,1958,2238.6133
Colombia,COL,1959,2228.2827
Colombia,COL,1960,2218
Colombia,COL,1961,2213.1526
Colombia,COL,1962,2208.3159
Colombia,COL,1963,2203.4895
Colombia,COL,1964,2198.6738
Colombia,COL,1965,2193.8687
Colombia,COL,1966,2189.074
Colombia,COL,1967,2184.2898
Colombia,COL,1968,2179.5161
Colombia,COL,1969,2174.7529
Colombia,COL,1970,2170
Colombia,COL,1971,2160.29
Colombia,COL,1972,2150.6233
Colombia,COL,1973,2141
Colombia,COL,1974,2131.2976
Colombia,COL,1975,2121.6394
Colombia,COL,1976,2112.0247
Colombia,COL,1977,2102.4536
Colombia,COL,1978,2092.926
Colombia,COL,1979,2083.4414
Colombia,COL,1980,2074
Colombia,COL,1981,2063.2231
Colombia,COL,1982,2052.5022
Colombia,COL,1983,2041.8372
Colombia,COL,1984,2031.2274
Colombia,COL,1985,2020.6729
Colombia,COL,1986,2010.1731
Colombia,COL,1987,1999.7279
Colombia,COL,1988,1989.3369
Colombia,COL,1989,1979
Colombia,COL,1990,1969
Colombia,COL,1991,1958.9745
Colombia,COL,1992,1949
Colombia,COL,1993,1961.9569
Colombia,COL,1994,1975
Colombia,COL,1995,1970.2328
Colombia,COL,1996,1965.4771
Colombia,COL,1997,1960.7328
Colombia,COL,1998,1956
Colombia,COL,1999,1956
Colombia,COL,2000,1956
Colombia,COL,2001,1956
Colombia,COL,2002,2032.2886
Colombia,COL,2003,2016.2488
Colombia,COL,2004,2004.2563
Colombia,COL,2005,2013.9287
Colombia,COL,2006,2036.0232
Colombia,COL,2007,2058.3601
Colombia,COL,2008,2080.9419
Colombia,COL,2009,2049.5647
Colombia,COL,2010,2039.0653
Colombia,COL,2011,2040.173
Colombia,COL,2012,2021.057
Colombia,COL,2013,2000.6594
Colombia,COL,2014,1991.9746
Colombia,COL,2015,1997.748
Colombia,COL,2016,1997.748
Colombia,COL,2017,1997.748
Costa Rica,CRI,1987,2371.7446
Costa Rica,CRI,1988,2351.5657
Costa Rica,CRI,1989,2313.1028
Costa Rica,CRI,1990,2363.5396
Costa Rica,CRI,1991,2278.2588
Costa Rica,CRI,1992,2364.5488
Costa Rica,CRI,1993,2352.4185
Costa Rica,CRI,1994,2376.1067
Costa Rica,CRI,1995,2350.7129
Costa Rica,CRI,1996,2392.572
Costa Rica,CRI,1997,2371.2124
Costa Rica,CRI,1998,2362.2837
Costa Rica,CRI,1999,2376.1733
Costa Rica,CRI,2000,2367.5845
Costa Rica,CRI,2001,2335.0432
Costa Rica,CRI,2002,2362.696
Costa Rica,CRI,2003,2356.135
Costa Rica,CRI,2004,2375.4021
Costa Rica,CRI,2005,2357.8464
Costa Rica,CRI,2006,2365.613
Costa Rica,CRI,2007,2392.5747
Costa Rica,CRI,2008,2397.8833
Costa Rica,CRI,2009,2354.2432
Costa Rica,CRI,2010,2249.2654
Costa Rica,CRI,2011,2289.8872
Costa Rica,CRI,2012,2242.5991
Costa Rica,CRI,2013,2156.5581
Costa Rica,CRI,2014,2135.5332
Costa Rica,CRI,2015,2156.9102
Costa Rica,CRI,2016,2212.3835
Costa Rica,CRI,2017,2212.3835
Croatia,HRV,1995,1923.7113
Croatia,HRV,1996,1923.6965
Croatia,HRV,1997,1923.7584
Croatia,HRV,1998,1923.6672
Croatia,HRV,1999,1923.6639
Croatia,HRV,2000,1922.1008
Croatia,HRV,2001,1923.392
Croatia,HRV,2002,1923.6655
Croatia,HRV,2003,1924.7465
Croatia,HRV,2004,1926.585
Croatia,HRV,2005,1926.5166
Croatia,HRV,2006,1928.6445
Croatia,HRV,2007,1930.6725
Croatia,HRV,2008,1932.2271
Croatia,HRV,2009,1928.8942
Croatia,HRV,2010,1942.9996
Croatia,HRV,2011,1940.2762
Croatia,HRV,2012,1923.3143
Croatia,HRV,2013,1909.4851
Croatia,HRV,2014,1891.6031
Croatia,HRV,2015,1827.651
Croatia,HRV,2016,1834.9327
Croatia,HRV,2017,1834.9327
Cyprus,CYP,1995,1899.5675
Cyprus,CYP,1996,1898.6017
Cyprus,CYP,1997,1906.274
Cyprus,CYP,1998,1912.542
Cyprus,CYP,1999,1919.7133
Cyprus,CYP,2000,1926.3883
Cyprus,CYP,2001,1950.894
Cyprus,CYP,2002,1923.2074
Cyprus,CYP,2003,1916.0952
Cyprus,CYP,2004,1878.5951
Cyprus,CYP,2005,1847.3258
Cyprus,CYP,2006,1832.9028
Cyprus,CYP,2007,1862.1289
Cyprus,CYP,2008,1882.5011
Cyprus,CYP,2009,1870.2334
Cyprus,CYP,2010,1856.2478
Cyprus,CYP,2011,1841.4391
Cyprus,CYP,2012,1834.7371
Cyprus,CYP,2013,1804.8607
Cyprus,CYP,2014,1792.988
Cyprus,CYP,2015,1789.7061
Cyprus,CYP,2016,1783.5206
Cyprus,CYP,2017,1783.5206
Czechia,CZE,1993,1856.9045
Czechia,CZE,1994,1838.9045
Czechia,CZE,1995,1857.9026
Czechia,CZE,1996,1852.5775
Czechia,CZE,1997,1857.7623
Czechia,CZE,1998,1877.4183
Czechia,CZE,1999,1893.5347
Czechia,CZE,2000,1895.5621
Czechia,CZE,2001,1818.3157
Czechia,CZE,2002,1816.5702
Czechia,CZE,2003,1806.224
Czechia,CZE,2004,1817.061
Czechia,CZE,2005,1816.9883
Czechia,CZE,2006,1799.1667
Czechia,CZE,2007,1784.3645
Czechia,CZE,2008,1789.5405
Czechia,CZE,2009,1778.767
Czechia,CZE,2010,1799.5005
Czechia,CZE,2011,1805.6233
Czechia,CZE,2012,1776.1244
Czechia,CZE,2013,1763.0048
Czechia,CZE,2014,1776.7375
Czechia,CZE,2015,1756.161
Czechia,CZE,2016,1778.3971
Czechia,CZE,2017,1776.162
Denmark,DNK,1870,3434
Denmark,DNK,1880,3172
Denmark,DNK,1890,2933
Denmark,DNK,1900,2742
Denmark,DNK,1913,2731
Denmark,DNK,1929,2301
Denmark,DNK,1938,2203
Denmark,DNK,1950,2049.3193
Denmark,DNK,1951,2034.866
Denmark,DNK,1952,2020.5145
Denmark,DNK,1953,2006.2643
Denmark,DNK,1954,1992.1145
Denmark,DNK,1955,1978.0645
Denmark,DNK,1956,1964.1136
Denmark,DNK,1957,1950.2611
Denmark,DNK,1958,1936.5063
Denmark,DNK,1959,1922.8485
Denmark,DNK,1960,1909.2871
Denmark,DNK,1961,1921.2317
Denmark,DNK,1962,1933.251
Denmark,DNK,1963,1945.3456
Denmark,DNK,1964,1957.5157
Denmark,DNK,1965,1969.7621
Denmark,DNK,1966,1982.085
Denmark,DNK,1967,1953.991
Denmark,DNK,1968,1909.151
Denmark,DNK,1969,1869.584
Denmark,DNK,1970,1845.3879
Denmark,DNK,1971,1809.767
Denmark,DNK,1972,1751.8619
Denmark,DNK,1973,1709.757
Denmark,DNK,1974,1691.369
Denmark,DNK,1975,1616.66
Denmark,DNK,1976,1623.5317
Denmark,DNK,1977,1598.6395
Denmark,DNK,1978,1575.3319
Denmark,DNK,1979,1563.6945
Denmark,DNK,1980,1577.5864
Denmark,DNK,1981,1546.246
Denmark,DNK,1982,1552.7933
Denmark,DNK,1983,1545.7714
Denmark,DNK,1984,1540.6416
Denmark,DNK,1985,1527.7089
Denmark,DNK,1986,1530.6967
Denmark,DNK,1987,1492.7634
Denmark,DNK,1988,1471.0034
Denmark,DNK,1989,1455.0714
Denmark,DNK,1990,1440.549
Denmark,DNK,1991,1437.0579
Denmark,DNK,1992,1452.6305
Denmark,DNK,1993,1449.0786
Denmark,DNK,1994,1406.5643
Denmark,DNK,1995,1419.1543
Denmark,DNK,1996,1412.2479
Denmark,DNK,1997,1428.3137
Denmark,DNK,1998,1441.1987
Denmark,DNK,1999,1456.3748
Denmark,DNK,2000,1466.0171
Denmark,DNK,2001,1468.9253
Denmark,DNK,2002,1462.6897
Denmark,DNK,2003,1457.644
Denmark,DNK,2004,1458.1553
Denmark,DNK,2005,1451.4474
Denmark,DNK,2006,1455.6711
Denmark,DNK,2007,1432.9716
Denmark,DNK,2008,1429.9916
Denmark,DNK,2009,1417.2021
Denmark,DNK,2010,1422.235
Denmark,DNK,2011,1436.7894
Denmark,DNK,2012,1423.2501
Denmark,DNK,2013,1425.8413
Denmark,DNK,2014,1414.1547
Denmark,DNK,2015,1412.2715
Denmark,DNK,2016,1408.9635
Denmark,DNK,2017,1400.3815
Ecuador,ECU,1995,1943
Ecuador,ECU,1996,1936.3103
Ecuador,ECU,1997,1929.6437
Ecuador,ECU,1998,1923
Ecuador,ECU,1999,1788.7039
Ecuador,ECU,2000,1799.7212
Ecuador,ECU,2001,1810.8064
Ecuador,ECU,2002,1821.9598
Ecuador,ECU,2003,1833.1821
Ecuador,ECU,2004,1772.0262
Ecuador,ECU,2005,1804.7694
Ecuador,ECU,2006,1772.748
Ecuador,ECU,2007,1792.0309
Ecuador,ECU,2008,1845.9872
Ecuador,ECU,2009,1825.0427
Ecuador,ECU,2010,1827.7772
Ecuador,ECU,2011,1799.3361
Ecuador,ECU,2012,1775.9338
Ecuador,ECU,2013,1780.7534
Ecuador,ECU,2014,1733.5585
Ecuador,ECU,2015,1701.3558
Ecuador,ECU,2016,1701.3558
Ecuador,ECU,2017,1701.3558
Estonia,EST,1995,1983.2291
Estonia,EST,1996,1982.2822
Estonia,EST,1997,1980.5514
Estonia,EST,1998,1980.1615
Estonia,EST,1999,1977.345
Estonia,EST,2000,1977.8729
Estonia,EST,2001,1970.4961
Estonia,EST,2002,1972.6899
Estonia,EST,2003,1978.3347
Estonia,EST,2004,1986.4607
Estonia,EST,2005,2008.3733
Estonia,EST,2006,2000.9904
Estonia,EST,2007,1998.4846
Estonia,EST,2008,1967.7698
Estonia,EST,2009,1832.1401
Estonia,EST,2010,1874.7017
Estonia,EST,2011,1918.863
Estonia,EST,2012,1885.6866
Estonia,EST,2013,1865.8429
Estonia,EST,2014,1859.4319
Estonia,EST,2015,1851.6166
Estonia,EST,2016,1855.1993
Estonia,EST,2017,1856.6827
Finland,FIN,1950,2053.0676
Finland,FIN,1951,2053.6721
Finland,FIN,1952,2054.2769
Finland,FIN,1953,2054.8816
Finland,FIN,1954,2055.4866
Finland,FIN,1955,2056.0918
Finland,FIN,1956,2056.6973
Finland,FIN,1957,2057.303
Finland,FIN,1958,2057.9087
Finland,FIN,1959,2058.5146
Finland,FIN,1960,2059.1208
Finland,FIN,1961,2058.1216
Finland,FIN,1962,2051.1282
Finland,FIN,1963,2047.1317
Finland,FIN,1964,2073.1079
Finland,FIN,1965,2073.1079
Finland,FIN,1966,2048.1309
Finland,FIN,1967,2031.1464
Finland,FIN,1968,2015.1609
Finland,FIN,1969,1996.1782
Finland,FIN,1970,1980.1927
Finland,FIN,1971,1945.2208
Finland,FIN,1972,1929.2358
Finland,FIN,1973,1913.2528
Finland,FIN,1974,1907.2559
Finland,FIN,1975,1899.1428
Finland,FIN,1976,1896.1288
Finland,FIN,1977,1887.8368
Finland,FIN,1978,1893.2559
Finland,FIN,1979,1869.1428
Finland,FIN,1980,1849.1888
Finland,FIN,1981,1854.7941
Finland,FIN,1982,1840.2738
Finland,FIN,1983,1822.6447
Finland,FIN,1984,1813.7013
Finland,FIN,1985,1813.3021
Finland,FIN,1986,1792.5872
Finland,FIN,1987,1798.1265
Finland,FIN,1988,1806.1799
Finland,FIN,1989,1802.1422
Finland,FIN,1990,1769.1191
Finland,FIN,1991,1747.4368
Finland,FIN,1992,1752.7573
Finland,FIN,1993,1755.3395
Finland,FIN,1994,1774.8427
Finland,FIN,1995,1776.0518
Finland,FIN,1996,1774.892
Finland,FIN,1997,1764.725
Finland,FIN,1998,1754.3972
Finland,FIN,1999,1757.2578
Finland,FIN,2000,1742.0702
Finland,FIN,2001,1722.5939
Finland,FIN,2002,1713.7766
Finland,FIN,2003,1705.2792
Finland,FIN,2004,1707.3223
Finland,FIN,2005,1697.0879
Finland,FIN,2006,1692.9031
Finland,FIN,2007,1691.4915
Finland,FIN,2008,1684.5125
Finland,FIN,2009,1660.6558
Finland,FIN,2010,1667.7671
Finland,FIN,2011,1662.4528
Finland,FIN,2012,1650.2601
Finland,FIN,2013,1639.5857
Finland,FIN,2014,1636.3311
Finland,FIN,2015,1637.1949
Finland,FIN,2016,1634.7594
Finland,FIN,2017,1659.2806
France,FRA,1870,3168
France,FRA,1880,3165
France,FRA,1890,3119
France,FRA,1900,3115
France,FRA,1913,2933
France,FRA,1929,2198
France,FRA,1938,1760
France,FRA,1950,2193.3167
France,FRA,1951,2214.5217
France,FRA,1952,2197.8145
France,FRA,1953,2179.0027
France,FRA,1954,2193.688
France,FRA,1955,2179.0168
France,FRA,1956,2130.4902
France,FRA,1957,2107.1709
France,FRA,1958,2096.4814
France,FRA,1959,2100.0859
France,FRA,1960,2111.6116
France,FRA,1961,2091.9858
France,FRA,1962,2107.4983
France,FRA,1963,2093.7288
France,FRA,1964,2103.751
France,FRA,1965,2092.967
France,FRA,1966,2087.1069
France,FRA,1967,2055.8035
France,FRA,1968,2034.2684
France,FRA,1969,1964.4453
France,FRA,1970,1948.2301
France,FRA,1971,1947.8167
France,FRA,1972,1898.0906
France,FRA,1973,1884.4604
France,FRA,1974,1854.7511
France,FRA,1975,1830.1531
France,FRA,1976,1856.8257
France,FRA,1977,1819.907
France,FRA,1978,1789.7493
France,FRA,1979,1787.0199
France,FRA,1980,1778.8678
France,FRA,1981,1759.6193
France,FRA,1982,1687.9171
France,FRA,1983,1670.7448
France,FRA,1984,1664.9539
France,FRA,1985,1630.4366
France,FRA,1986,1626.7152
France,FRA,1987,1638.9984
France,FRA,1988,1648.225
France,FRA,1989,1633.6821
France,FRA,1990,1629.0961
France,FRA,1991,1622.6208
France,FRA,1992,1621.5667
France,FRA,1993,1614.0789
France,FRA,1994,1611.6461
France,FRA,1995,1590.6832
France,FRA,1996,1587.0975
France,FRA,1997,1585.5039
France,FRA,1998,1575.7279
France,FRA,1999,1569.4343
France,FRA,2000,1549.965
France,FRA,2001,1530.4617
France,FRA,2002,1497.3385
France,FRA,2003,1502.0975
France,FRA,2004,1525.9967
France,FRA,2005,1527.3717
France,FRA,2006,1510.6074
France,FRA,2007,1530.0048
France,FRA,2008,1537.7621
France,FRA,2009,1521.2759
France,FRA,2010,1527.9509
France,FRA,2011,1534.6066
France,FRA,2012,1528.8926
France,FRA,2013,1513.8743
France,FRA,2014,1508.9885
France,FRA,2015,1509.4127
France,FRA,2016,1502.7285
France,FRA,2017,1514.1371
Germany,DEU,1870,3284
Germany,DEU,1880,3223
Germany,DEU,1890,3108
Germany,DEU,1900,3056
Germany,DEU,1913,2723
Germany,DEU,1929,2128
Germany,DEU,1938,2187
Germany,DEU,1950,2427.4287
Germany,DEU,1951,2401.5952
Germany,DEU,1952,2376.0369
Germany,DEU,1953,2350.7505
Germany,DEU,1954,2325.7332
Germany,DEU,1955,2300.9822
Germany,DEU,1956,2276.4944
Germany,DEU,1957,2252.2673
Germany,DEU,1958,2228.2981
Germany,DEU,1959,2204.584
Germany,DEU,1960,2181.1223
Germany,DEU,1961,2154.5046
Germany,DEU,1962,2117.4016
Germany,DEU,1963,2086.9526
Germany,DEU,1964,2098.4468
Germany,DEU,1965,2084.2305
Germany,DEU,1966,2057.9155
Germany,DEU,1967,2020.2074
Germany,DEU,1968,2007.7052
Germany,DEU,1969,1987.9437
Germany,DEU,1970,1972.5177
Germany,DEU,1971,1940.5565
Germany,DEU,1972,1915.4514
Germany,DEU,1973,1884.9017
Germany,DEU,1974,1851.6299
Germany,DEU,1975,1811.9053
Germany,DEU,1976,1824.3066
Germany,DEU,1977,1806.2542
Germany,DEU,1978,1787.1987
Germany,DEU,1979,1775.1637
Germany,DEU,1980,1756.1083
Germany,DEU,1981,1734.0441
Germany,DEU,1982,1723.012
Germany,DEU,1983,1709.974
Germany,DEU,1984,1698.942
Germany,DEU,1985,1675.8749
Germany,DEU,1986,1656.8195
Germany,DEU,1987,1633.7523
Germany,DEU,1988,1628.7378
Germany,DEU,1989,1605.6707
Germany,DEU,1990,1582.6035
Germany,DEU,1991,1553.5189
Germany,DEU,1992,1564.7155
Germany,DEU,1993,1541.5763
Germany,DEU,1994,1537.2506
Germany,DEU,1995,1527.9783
Germany,DEU,1996,1510.4954
Germany,DEU,1997,1499.6443
Germany,DEU,1998,1493.5819
Germany,DEU,1999,1478.722
Germany,DEU,2000,1452.0129
Germany,DEU,2001,1441.9102
Germany,DEU,2002,1430.8605
Germany,DEU,2003,1424.7449
Germany,DEU,2004,1422.2234
Germany,DEU,2005,1411.28
Germany,DEU,2006,1424.6752
Germany,DEU,2007,1424.3522
Germany,DEU,2008,1418.3964
Germany,DEU,2009,1372.7135
Germany,DEU,2010,1389.8829
Germany,DEU,2011,1392.8134
Germany,DEU,2012,1375.0267
Germany,DEU,2013,1362.6976
Germany,DEU,2014,1367.0791
Germany,DEU,2015,1368.1069
Germany,DEU,2016,1358.5865
Germany,DEU,2017,1353.8868
Greece,GRC,1951,2312.5513
Greece,GRC,1952,2302.988
Greece,GRC,1953,2293.4646
Greece,GRC,1954,2283.9802
Greece,GRC,1955,2274.5352
Greece,GRC,1956,2265.1292
Greece,GRC,1957,2255.762
Greece,GRC,1958,2246.4338
Greece,GRC,1959,2237.144
Greece,GRC,1960,2227.8926
Greece,GRC,1961,2217.9907
Greece,GRC,1962,2208.1328
Greece,GRC,1963,2198.3188
Greece,GRC,1964,2188.5483
Greece,GRC,1965,2178.8215
Greece,GRC,1966,2169.1377
Greece,GRC,1967,2159.4968
Greece,GRC,1968,2149.8992
Greece,GRC,1969,2140.3438
Greece,GRC,1970,2098.6428
Greece,GRC,1971,2099.6047
Greece,GRC,1972,2101.0935
Greece,GRC,1973,2102.5459
Greece,GRC,1974,2103.9597
Greece,GRC,1975,2105.3333
Greece,GRC,1976,2106.6653
Greece,GRC,1977,2107.9543
Greece,GRC,1978,2109.6099
Greece,GRC,1979,2111.0493
Greece,GRC,1980,2111.6992
Greece,GRC,1981,2111.7839
Greece,GRC,1982,2111.3945
Greece,GRC,1983,2108.8662
Greece,GRC,1984,2108.4956
Greece,GRC,1985,2107.4692
Greece,GRC,1986,2107.8125
Greece,GRC,1987,2110.0713
Greece,GRC,1988,2107.2549
Greece,GRC,1989,2109.304
Greece,GRC,1990,2111.6228
Greece,GRC,1991,2112.8909
Greece,GRC,1992,2112.8689
Greece,GRC,1993,2112.1438
Greece,GRC,1994,2110.1987
Greece,GRC,1995,2110.7063
Greece,GRC,1996,2109.4004
Greece,GRC,1997,2107.9448
Greece,GRC,1998,2108.4343
Greece,GRC,1999,2104.8523
Greece,GRC,2000,2107.6384
Greece,GRC,2001,2101.1304
Greece,GRC,2002,2093.2151
Greece,GRC,2003,2091.4788
Greece,GRC,2004,2082.5518
Greece,GRC,2005,2136.239
Greece,GRC,2006,2125.3364
Greece,GRC,2007,2110.9885
Greece,GRC,2008,2106.26
Greece,GRC,2009,2081.2117
Greece,GRC,2010,2019.5708
Greece,GRC,2011,2037.7003
Greece,GRC,2012,2055.374
Greece,GRC,2013,2059.22
Greece,GRC,2014,2020.8816
Greece,GRC,2015,2031.1405
Greece,GRC,2016,2030.0905
Greece,GRC,2017,2016.8954
Hong Kong,HKG,1960,2722.3655
Hong Kong,HKG,1961,2702.0603
Hong Kong,HKG,1962,2681.9063
Hong Kong,HKG,1963,2661.9028
Hong Kong,HKG,1964,2642.0486
Hong Kong,HKG,1965,2622.3423
Hong Kong,HKG,1966,2602.783
Hong Kong,HKG,1967,2583.3696
Hong Kong,HKG,1968,2564.1011
Hong Kong,HKG,1969,2544.9761
Hong Kong,HKG,1970,2525.9939
Hong Kong,HKG,1971,2527.0503
Hong Kong,HKG,1972,2525.5298
Hong Kong,HKG,1973,2523.8738
Hong Kong,HKG,1974,2522.0754
Hong Kong,HKG,1975,2520.2058
Hong Kong,HKG,1976,2518.0522
Hong Kong,HKG,1977,2508.3438
Hong Kong,HKG,1978,2498.8701
Hong Kong,HKG,1979,2490.3911
Hong Kong,HKG,1980,2479.3877
Hong Kong,HKG,1981,2466.1563
Hong Kong,HKG,1982,2441.6013
Hong Kong,HKG,1983,2410.731
Hong Kong,HKG,1984,2381.7666
Hong Kong,HKG,1985,2356.0828
Hong Kong,HKG,1986,2360.2485
Hong Kong,HKG,1987,2324.3062
Hong Kong,HKG,1988,2372.4387
Hong Kong,HKG,1989,2314.0313
Hong Kong,HKG,1990,2278.522
Hong Kong,HKG,1991,2309.9045
Hong Kong,HKG,1992,2224.1714
Hong Kong,HKG,1993,2287.9592
Hong Kong,HKG,1994,2291.9285
Hong Kong,HKG,1995,2254.8499
Hong Kong,HKG,1996,2304.2678
Hong Kong,HKG,1997,2257.8132
Hong Kong,HKG,1998,2259.1528
Hong Kong,HKG,1999,2301.9258
Hong Kong,HKG,2000,2330.667
Hong Kong,HKG,2001,2326.3577
Hong Kong,HKG,2002,2343.4309
Hong Kong,HKG,2003,2330.8987
Hong Kong,HKG,2004,2354.375
Hong Kong,HKG,2005,2346.386
Hong Kong,HKG,2006,2315.4949
Hong Kong,HKG,2007,2327.78
Hong Kong,HKG,2008,2277.0227
Hong Kong,HKG,2009,2251.9988
Hong Kong,HKG,2010,2302.0801
Hong Kong,HKG,2011,2256.7612
Hong Kong,HKG,2012,2235.5942
Hong Kong,HKG,2013,2225.4138
Hong Kong,HKG,2014,2175.2473
Hong Kong,HKG,2015,2185.5789
Hong Kong,HKG,2016,2185.5789
Hong Kong,HKG,2017,2185.5789
Hungary,HUN,1980,2193.4773
Hungary,HUN,1981,2192.4775
Hungary,HUN,1982,2099.4998
Hungary,HUN,1983,2079.5046
Hungary,HUN,1984,2007.5217
Hungary,HUN,1985,1980.5281
Hungary,HUN,1986,1971.5303
Hungary,HUN,1987,2015.5198
Hungary,HUN,1988,2009.5212
Hungary,HUN,1989,1984.5272
Hungary,HUN,1990,1944.5367
Hungary,HUN,1991,1912.5443
Hungary,HUN,1992,1869.5546
Hungary,HUN,1993,1869.5546
Hungary,HUN,1994,2000.5233
Hungary,HUN,1995,2005.5222
Hungary,HUN,1996,1999.5793
Hungary,HUN,1997,2023.4016
Hungary,HUN,1998,2022.8932
Hungary,HUN,1999,2040.071
Hungary,HUN,2000,2032.8467
Hungary,HUN,2001,1993.3213
Hungary,HUN,2002,2005.2568
Hungary,HUN,2003,1978.1667
Hungary,HUN,2004,1986.1238
Hungary,HUN,2005,1986.9038
Hungary,HUN,2006,1983.4768
Hungary,HUN,2007,1978.6354
Hungary,HUN,2008,1981.7538
Hungary,HUN,2009,1963.0601
Hungary,HUN,2010,1956.1836
Hungary,HUN,2011,1948.6782
Hungary,HUN,2012,1926.5392
Hungary,HUN,2013,1920.5334
Hungary,HUN,2014,1928.3038
Hungary,HUN,2015,1923.7209
Hungary,HUN,2016,1937.3325
Hungary,HUN,2017,1937.3325
Iceland,ISL,1964,2144.7549
Iceland,ISL,1965,2121.4031
Iceland,ISL,1966,2109.0615
Iceland,ISL,1967,2073.1609
Iceland,ISL,1968,2025.9136
Iceland,ISL,1969,1997.3276
Iceland,ISL,1970,1979.8445
Iceland,ISL,1971,1941.3549
Iceland,ISL,1972,1908.254
Iceland,ISL,1973,1890.8378
Iceland,ISL,1974,1866.0885
Iceland,ISL,1975,1841.3087
Iceland,ISL,1976,1813.778
Iceland,ISL,1977,1771.6417
Iceland,ISL,1978,1733.0608
Iceland,ISL,1979,1720.1718
Iceland,ISL,1980,1710.0775
Iceland,ISL,1981,1703.6434
Iceland,ISL,1982,1706.3849
Iceland,ISL,1983,1706.3986
Iceland,ISL,1984,1704.5583
Iceland,ISL,1985,1703.6495
Iceland,ISL,1986,1696.3209
Iceland,ISL,1987,1694.4543
Iceland,ISL,1988,1701.8008
Iceland,ISL,1989,1697.2434
Iceland,ISL,1990,1687.1472
Iceland,ISL,1991,1690.7538
Iceland,ISL,1992,1690.7538
Iceland,ISL,1993,1705.9176
Iceland,ISL,1994,1677.275
Iceland,ISL,1995,1663.7961
Iceland,ISL,1996,1681.4872
Iceland,ISL,1997,1706.76
Iceland,ISL,1998,1687.3842
Iceland,ISL,1999,1667.1659
Iceland,ISL,2000,1718.554
Iceland,ISL,2001,1729.5055
Iceland,ISL,2002,1694.9659
Iceland,ISL,2003,1661.2688
Iceland,ISL,2004,1668.0083
Iceland,ISL,2005,1659.584
Iceland,ISL,2006,1649.4749
Iceland,ISL,2007,1627.5717
Iceland,ISL,2008,1629.2566
Iceland,ISL,2009,1549.0085
Iceland,ISL,2010,1542.5016
Iceland,ISL,2011,1548.2521
Iceland,ISL,2012,1523.7321
Iceland,ISL,2013,1521.8097
Iceland,ISL,2014,1509.6294
Iceland,ISL,2015,1509.1685
Iceland,ISL,2016,1493.3651
Iceland,ISL,2017,1493.3651
India,IND,1970,2077.3308
India,IND,1971,2077.0852
India,IND,1972,2076.5603
India,IND,1973,2074.8291
India,IND,1974,2072.3657
India,IND,1975,2069.9565
India,IND,1976,2067.1599
India,IND,1977,2065.3796
India,IND,1978,2064.4177
India,IND,1979,2064.2246
India,IND,1980,2064.0278
India,IND,1981,2063.623
India,IND,1982,2064.1531
India,IND,1983,2065.1204
India,IND,1984,2066.7083
India,IND,1985,2068.6077
India,IND,1986,2070.5779
India,IND,1987,2072.2705
India,IND,1988,2075.0774
India,IND,1989,2078.1321
India,IND,1990,2078.4795
India,IND,1991,2079.3042
India,IND,1992,2076.9104
India,IND,1993,2075.8694
India,IND,1994,2075.6873
India,IND,1995,2077.0972
India,IND,1996,2079.8303
India,IND,1997,2079.3826
India,IND,1998,2080.7412
India,IND,1999,2082.6938
India,IND,2000,2086.6284
India,IND,2001,2086.7727
India,IND,2002,2088.8936
India,IND,2003,2091.9958
India,IND,2004,2095.7783
India,IND,2005,2096.916
India,IND,2006,2097.0964
India,IND,2007,2098.1213
India,IND,2008,2099.6331
India,IND,2009,2103.5361
India,IND,2010,2110.3926
India,IND,2011,2113.6245
India,IND,2012,2115.7102
India,IND,2013,2117.103
India,IND,2014,2118.0881
India,IND,2015,2117.0117
India,IND,2016,2117.0117
India,IND,2017,2117.0117
Indonesia,IDN,1970,1988.0715
Indonesia,IDN,1971,1990.318
Indonesia,IDN,1972,2020.97
Indonesia,IDN,1973,2032.0226
Indonesia,IDN,1974,2029.8593
Indonesia,IDN,1975,2011.4331
Indonesia,IDN,1976,1972.9434
Indonesia,IDN,1977,1990.8206
Indonesia,IDN,1978,1975.8154
Indonesia,IDN,1979,1988.1433
Indonesia,IDN,1980,2003.2617
Indonesia,IDN,1981,2034.144
Indonesia,IDN,1982,2013.3235
Indonesia,IDN,1983,2051.5149
Indonesia,IDN,1984,2056.8665
Indonesia,IDN,1985,2029.0776
Indonesia,IDN,1986,1887.9058
Indonesia,IDN,1987,1890.0297
Indonesia,IDN,1988,1886.1644
Indonesia,IDN,1989,1891.3917
Indonesia,IDN,1990,1909.3696
Indonesia,IDN,1991,1928.2959
Indonesia,IDN,1992,1897.3234
Indonesia,IDN,1993,1898.6636
Indonesia,IDN,1994,1929.7295
Indonesia,IDN,1995,1928.0195
Indonesia,IDN,1996,1917.2124
Indonesia,IDN,1997,1922.9292
Indonesia,IDN,1998,1928.8357
Indonesia,IDN,1999,1949.5291
Indonesia,IDN,2000,1913.0223
Indonesia,IDN,2001,1935.4495
Indonesia,IDN,2002,1917.7333
Indonesia,IDN,2003,1941.8517
Indonesia,IDN,2004,1969.0544
Indonesia,IDN,2005,1953.516
Indonesia,IDN,2006,1965.111
Indonesia,IDN,2007,2042.9899
Indonesia,IDN,2008,2044.3296
Indonesia,IDN,2009,2063.6802
Indonesia,IDN,2010,2054.3242
Indonesia,IDN,2011,2023.2792
Indonesia,IDN,2012,2026.3513
Indonesia,IDN,2013,2024.2395
Indonesia,IDN,2014,2008.4623
Indonesia,IDN,2015,2024.287
Indonesia,IDN,2016,2024.287
Indonesia,IDN,2017,2024.287
Ireland,IRL,1870,3108
Ireland,IRL,1880,3017
Ireland,IRL,1890,2869
Ireland,IRL,1900,2795
Ireland,IRL,1913,2690
Ireland,IRL,1929,2182
Ireland,IRL,1938,2171
Ireland,IRL,1950,2419.4111
Ireland,IRL,1951,2407.575
Ireland,IRL,1952,2395.7969
Ireland,IRL,1953,2384.0762
Ireland,IRL,1954,2372.4131
Ireland,IRL,1955,2360.8069
Ireland,IRL,1956,2349.2573
Ireland,IRL,1957,2337.7644
Ireland,IRL,1958,2326.3279
Ireland,IRL,1959,2314.947
Ireland,IRL,1960,2303.6221
Ireland,IRL,1961,2306.6157
Ireland,IRL,1962,2309.6133
Ireland,IRL,1963,2312.615
Ireland,IRL,1964,2315.6204
Ireland,IRL,1965,2318.6296
Ireland,IRL,1966,2321.6428
Ireland,IRL,1967,2324.6602
Ireland,IRL,1968,2327.6812
Ireland,IRL,1969,2330.7063
Ireland,IRL,1970,2333.7351
Ireland,IRL,1971,2316.7312
Ireland,IRL,1972,2296.5879
Ireland,IRL,1973,2284.031
Ireland,IRL,1974,2247.6687
Ireland,IRL,1975,2237.7278
Ireland,IRL,1976,2232.2344
Ireland,IRL,1977,2202.6733
Ireland,IRL,1978,2183.0535
Ireland,IRL,1979,2161.3406
Ireland,IRL,1980,2122.1006
Ireland,IRL,1981,2090.7085
Ireland,IRL,1982,2083.3838
Ireland,IRL,1983,2073.1814
Ireland,IRL,1984,2055.1309
Ireland,IRL,1985,2062.1941
Ireland,IRL,1986,2096.7253
Ireland,IRL,1987,2076.0591
Ireland,IRL,1988,2084.4302
Ireland,IRL,1989,2091.7549
Ireland,IRL,1990,2080.2446
Ireland,IRL,1991,2045.1902
Ireland,IRL,1992,1996.7941
Ireland,IRL,1993,1970.111
Ireland,IRL,1994,1970.3726
Ireland,IRL,1995,1962.0013
Ireland,IRL,1996,1953.5992
Ireland,IRL,1997,1954.1941
Ireland,IRL,1998,1953.1941
Ireland,IRL,1999,1941.8829
Ireland,IRL,2000,1932.7238
Ireland,IRL,2001,1923.5294
Ireland,IRL,2002,1904.2762
Ireland,IRL,2003,1886.7864
Ireland,IRL,2004,1875.256
Ireland,IRL,2005,1883.1937
Ireland,IRL,2006,1878.813
Ireland,IRL,2007,1864.9323
Ireland,IRL,2008,1843.8962
Ireland,IRL,2009,1811.803
Ireland,IRL,2010,1801.2773
Ireland,IRL,2011,1702.1769
Ireland,IRL,2012,1707.4982
Ireland,IRL,2013,1719.5591
Ireland,IRL,2014,1731.0465
Ireland,IRL,2015,1740.5286
Ireland,IRL,2016,1738.7294
Ireland,IRL,2017,1745.6843
Israel,ISR,1981,1966.0331
Israel,ISR,1982,1941.761
Israel,ISR,1983,1928.6136
Israel,ISR,1984,1931.6477
Israel,ISR,1985,1931.6477
Israel,ISR,1986,1926.5911
Israel,ISR,1987,1920.5231
Israel,ISR,1988,1878.047
Israel,ISR,1989,1909.3983
Israel,ISR,1990,1904.3417
Israel,ISR,1991,1897.2623
Israel,ISR,1992,1950.863
Israel,ISR,1993,1952.8857
Israel,ISR,1994,1993.339
Israel,ISR,1995,2017.6111
Israel,ISR,1996,2035.5391
Israel,ISR,1997,2040.4977
Israel,ISR,1998,2015.4592
Israel,ISR,1999,2023.3385
Israel,ISR,2000,2034.7421
Israel,ISR,2001,1998.0148
Israel,ISR,2002,2015.5543
Israel,ISR,2003,1996.8781
Israel,ISR,2004,1973.2894
Israel,ISR,2005,1965.0957
Israel,ISR,2006,1951.7192
Israel,ISR,2007,1964.7948
Israel,ISR,2008,1960.6504
Israel,ISR,2009,1962.0277
Israel,ISR,2010,1956.2672
Israel,ISR,2011,1946.813
Israel,ISR,2012,1918.9104
Israel,ISR,2013,1908.5657
Israel,ISR,2014,1894.0676
Israel,ISR,2015,1895.4574
Israel,ISR,2016,1920.6106
Israel,ISR,2017,1920.6106
Italy,ITA,1870,3000
Italy,ITA,1880,3008
Italy,ITA,1890,3006
Italy,ITA,1900,3014
Italy,ITA,1913,2953
Italy,ITA,1929,2153
Italy,ITA,1938,2162
Italy,ITA,1950,2107.2554
Italy,ITA,1951,2113.708
Italy,ITA,1952,2120.1804
Italy,ITA,1953,2126.6726
Italy,ITA,1954,2133.1848
Italy,ITA,1955,2139.7168
Italy,ITA,1956,2146.2688
Italy,ITA,1957,2152.8411
Italy,ITA,1958,2159.4331
Italy,ITA,1959,2166.0457
Italy,ITA,1960,2172.6782
Italy,ITA,1961,2155.9355
Italy,ITA,1962,2106.6707
Italy,ITA,1963,2091.877
Italy,ITA,1964,2085.7231
Italy,ITA,1965,2027.9208
Italy,ITA,1966,2046.6244
Italy,ITA,1967,2071.1543
Italy,ITA,1968,2064.6907
Italy,ITA,1969,2063.5681
Italy,ITA,1970,2042.2288
Italy,ITA,1971,1989.7507
Italy,ITA,1972,1970.8881
Italy,ITA,1973,1954.6459
Italy,ITA,1974,1924.0708
Italy,ITA,1975,1908.549
Italy,ITA,1976,1906.4534
Italy,ITA,1977,1871.6073
Italy,ITA,1978,1861.5642
Italy,ITA,1979,1855.0286
Italy,ITA,1980,1856.0651
Italy,ITA,1981,1862.3245
Italy,ITA,1982,1873.733
Italy,ITA,1983,1873.0464
Italy,ITA,1984,1862.6731
Italy,ITA,1985,1859.1587
Italy,ITA,1986,1867.5593
Italy,ITA,1987,1886.6825
Italy,ITA,1988,1890.4023
Italy,ITA,1989,1874.5634
Italy,ITA,1990,1863.8346
Italy,ITA,1991,1856.8695
Italy,ITA,1992,1860.0026
Italy,ITA,1993,1859.8804
Italy,ITA,1994,1853.8326
Italy,ITA,1995,1856.0868
Italy,ITA,1996,1866.1272
Italy,ITA,1997,1860.113
Italy,ITA,1998,1873.7856
Italy,ITA,1999,1870.3572
Italy,ITA,2000,1850.8062
Italy,ITA,2001,1837.7606
Italy,ITA,2002,1826.5938
Italy,ITA,2003,1815.7974
Italy,ITA,2004,1815.3416
Italy,ITA,2005,1812.0552
Italy,ITA,2006,1812.5823
Italy,ITA,2007,1818.1526
Italy,ITA,2008,1807.0319
Italy,ITA,2009,1775.6611
Italy,ITA,2010,1777.2737
Italy,ITA,2011,1773.2565
Italy,ITA,2012,1734.1747
Italy,ITA,2013,1719.5074
Italy,ITA,2014,1717.1372
Italy,ITA,2015,1717.9958
Italy,ITA,2016,1724.4153
Italy,ITA,2017,1722.6113
Jamaica,JAM,1986,1864.8246
Jamaica,JAM,1987,1893.6748
Jamaica,JAM,1988,1914.9969
Jamaica,JAM,1989,1972.9108
Jamaica,JAM,1990,1938.2228
Jamaica,JAM,1991,1947.975
Jamaica,JAM,1992,1963.4525
Jamaica,JAM,1993,1951.1327
Jamaica,JAM,1994,1958.8782
Jamaica,JAM,1995,1948.525
Jamaica,JAM,1996,1969.2648
Jamaica,JAM,1997,1963.9474
Jamaica,JAM,1998,1999.2107
Jamaica,JAM,1999,1983.4503
Jamaica,JAM,2000,1963.4492
Jamaica,JAM,2001,1970.6368
Jamaica,JAM,2002,1965.5664
Japan,JPN,1950,2030.4137
Japan,JPN,1951,2012.9907
Japan,JPN,1952,1995.7172
Japan,JPN,1953,1978.5918
Japan,JPN,1954,2008.9454
Japan,JPN,1955,2034.5164
Japan,JPN,1956,2084.9668
Japan,JPN,1957,2108.0427
Japan,JPN,1958,2133.1448
Japan,JPN,1959,2156.2446
Japan,JPN,1960,2172.8989
Japan,JPN,1961,2175.3137
Japan,JPN,1962,2152.7
Japan,JPN,1963,2146.3276
Japan,JPN,1964,2153.5291
Japan,JPN,1965,2135.1223
Japan,JPN,1966,2142.9473
Japan,JPN,1967,2156.571
Japan,JPN,1968,2160.3401
Japan,JPN,1969,2147.0117
Japan,JPN,1970,2137.2173
Japan,JPN,1971,2129.2954
Japan,JPN,1972,2131.6648
Japan,JPN,1973,2117.5442
Japan,JPN,1974,2058.7163
Japan,JPN,1975,2030.2618
Japan,JPN,1976,2057.5
Japan,JPN,1977,2064.0063
Japan,JPN,1978,2067.9878
Japan,JPN,1979,2072.7031
Japan,JPN,1980,2073.9438
Japan,JPN,1981,2068.8276
Japan,JPN,1982,2068.6187
Japan,JPN,1983,2074.8601
Japan,JPN,1984,2089.2798
Japan,JPN,1985,2076.7673
Japan,JPN,1986,2078.4951
Japan,JPN,1987,2083.9683
Japan,JPN,1988,2080.4377
Japan,JPN,1989,2061.3616
Japan,JPN,1990,2028.4187
Japan,JPN,1991,2010.7419
Japan,JPN,1992,1962.1306
Japan,JPN,1993,1926.7769
Japan,JPN,1994,1909.1
Japan,JPN,1995,1911.6
Japan,JPN,1996,1914.8
Japan,JPN,1997,1887.1
Japan,JPN,1998,1866.5
Japan,JPN,1999,1850.9
Japan,JPN,2000,1858.5
Japan,JPN,2001,1843.1
Japan,JPN,2002,1830.6
Japan,JPN,2003,1834.2
Japan,JPN,2004,1841.5
Japan,JPN,2005,1827.8
Japan,JPN,2006,1836
Japan,JPN,2007,1826.5
Japan,JPN,2008,1807.3
Japan,JPN,2009,1757.2
Japan,JPN,2010,1777.8
Japan,JPN,2011,1772.7
Japan,JPN,2012,1782.9
Japan,JPN,2013,1761.5
Japan,JPN,2014,1756.5
Japan,JPN,2015,1750.9
Japan,JPN,2016,1742
Japan,JPN,2017,1738.3633
Latvia,LVA,1995,1975.9082
Latvia,LVA,1996,1975.8959
Latvia,LVA,1997,1975.9169
Latvia,LVA,1998,1975.9045
Latvia,LVA,1999,1975.9008
Latvia,LVA,2000,1975.7949
Latvia,LVA,2001,1987.1439
Latvia,LVA,2002,1937.8738
Latvia,LVA,2003,1927.734
Latvia,LVA,2004,1878.3942
Latvia,LVA,2005,1905.5121
Latvia,LVA,2006,1906.8286
Latvia,LVA,2007,1878.2091
Latvia,LVA,2008,2002.2491
Latvia,LVA,2009,1952.2241
Latvia,LVA,2010,1935.1354
Latvia,LVA,2011,1951.8978
Latvia,LVA,2012,1934.2838
Latvia,LVA,2013,1927.7461
Latvia,LVA,2014,1938.4757
Latvia,LVA,2015,1901.7413
Latvia,LVA,2016,1902.4856
Latvia,LVA,2017,1874.5979
Lithuania,LTU,1995,1729.3558
Lithuania,LTU,1996,1727.0402
Lithuania,LTU,1997,1732.694
Lithuania,LTU,1998,1779.5939
Lithuania,LTU,1999,1726.0139
Lithuania,LTU,2000,1846.2274
Lithuania,LTU,2001,1831.2194
Lithuania,LTU,2002,1802.1711
Lithuania,LTU,2003,1785.8864
Lithuania,LTU,2004,1878.5562
Lithuania,LTU,2005,1878.9719
Lithuania,LTU,2006,1874.2102
Lithuania,LTU,2007,1903.7567
Lithuania,LTU,2008,1933.5715
Lithuania,LTU,2009,1862.9437
Lithuania,LTU,2010,1884.2866
Lithuania,LTU,2011,1858.8728
Lithuania,LTU,2012,1857.2939
Lithuania,LTU,2013,1841.2473
Lithuania,LTU,2014,1833.5299
Lithuania,LTU,2015,1859.4974
Lithuania,LTU,2016,1885.0089
Lithuania,LTU,2017,1844.0171
Luxembourg,LUX,1970,1845.8361
Luxembourg,LUX,1971,1842.3248
Luxembourg,LUX,1972,1821.7426
Luxembourg,LUX,1973,1792.4818
Luxembourg,LUX,1974,1768.983
Luxembourg,LUX,1975,1741.355
Luxembourg,LUX,1976,1757.8225
Luxembourg,LUX,1977,1732.7194
Luxembourg,LUX,1978,1715.1189
Luxembourg,LUX,1979,1698.5089
Luxembourg,LUX,1980,1682.3013
Luxembourg,LUX,1981,1658.0519
Luxembourg,LUX,1982,1640.4119
Luxembourg,LUX,1983,1634.7815
Luxembourg,LUX,1984,1621.1965
Luxembourg,LUX,1985,1634.8575
Luxembourg,LUX,1986,1626.6595
Luxembourg,LUX,1987,1624.8335
Luxembourg,LUX,1988,1644.8755
Luxembourg,LUX,1989,1633.9436
Luxembourg,LUX,1990,1633.9415
Luxembourg,LUX,1991,1616.6366
Luxembourg,LUX,1992,1595.6875
Luxembourg,LUX,1993,1602.0656
Luxembourg,LUX,1994,1581.1226
Luxembourg,LUX,1995,1592.6145
Luxembourg,LUX,1996,1599.5625
Luxembourg,LUX,1997,1598.037
Luxembourg,LUX,1998,1593.3136
Luxembourg,LUX,1999,1591.7571
Luxembourg,LUX,2000,1602.2155
Luxembourg,LUX,2001,1585.72
Luxembourg,LUX,2002,1580.6825
Luxembourg,LUX,2003,1578.9333
Luxembourg,LUX,2004,1577.8783
Luxembourg,LUX,2005,1549.8424
Luxembourg,LUX,2006,1552.2755
Luxembourg,LUX,2007,1566.2959
Luxembourg,LUX,2008,1566.969
Luxembourg,LUX,2009,1516.4703
Luxembourg,LUX,2010,1516.4979
Luxembourg,LUX,2011,1515.0692
Luxembourg,LUX,2012,1508.0867
Luxembourg,LUX,2013,1502.6809
Luxembourg,LUX,2014,1508.2611
Luxembourg,LUX,2015,1521.0288
Luxembourg,LUX,2016,1519.5106
Luxembourg,LUX,2017,1518.8575
Malaysia,MYS,1970,2258.9963
Malaysia,MYS,1971,2260.5723
Malaysia,MYS,1972,2262.1729
Malaysia,MYS,1973,2263.8052
Malaysia,MYS,1974,2265.4771
Malaysia,MYS,1975,2267.1948
Malaysia,MYS,1976,2269.095
Malaysia,MYS,1977,2270.9912
Malaysia,MYS,1978,2272.8708
Malaysia,MYS,1979,2274.7268
Malaysia,MYS,1980,2276.562
Malaysia,MYS,1981,2277.6987
Malaysia,MYS,1982,2278.4895
Malaysia,MYS,1983,2277.4053
Malaysia,MYS,1984,2283.334
Malaysia,MYS,1985,2279.4492
Malaysia,MYS,1986,2272.2869
Malaysia,MYS,1987,2273.1543
Malaysia,MYS,1988,2271.488
Malaysia,MYS,1989,2279.645
Malaysia,MYS,1990,2283.2698
Malaysia,MYS,1991,2290.6899
Malaysia,MYS,1992,2298.1726
Malaysia,MYS,1993,2299.5669
Malaysia,MYS,1994,2299.925
Malaysia,MYS,1995,2300.3152
Malaysia,MYS,1996,2300.7361
Malaysia,MYS,1997,2305.6272
Malaysia,MYS,1998,2302.7126
Malaysia,MYS,1999,2304.0952
Malaysia,MYS,2000,2303.3127
Malaysia,MYS,2001,2306.7595
Malaysia,MYS,2002,2334.0334
Malaysia,MYS,2003,2324.4751
Malaysia,MYS,2004,2318.8247
Malaysia,MYS,2005,2361.2639
Malaysia,MYS,2006,2349.0852
Malaysia,MYS,2007,2324.4524
Malaysia,MYS,2008,2298.3066
Malaysia,MYS,2009,2306.564
Malaysia,MYS,2010,2290.2117
Malaysia,MYS,2011,2285.8323
Malaysia,MYS,2012,2268.6323
Malaysia,MYS,2013,2240.9502
Malaysia,MYS,2014,2249.6169
Malaysia,MYS,2015,2238.2729
Malaysia,MYS,2016,2238.2729
Malaysia,MYS,2017,2238.2729
Malta,MLT,1994,2258.4878
Malta,MLT,1995,2257.2898
Malta,MLT,1996,2250.3857
Malta,MLT,1997,2252.865
Malta,MLT,1998,2277.3828
Malta,MLT,1999,2254.384
Malta,MLT,2000,2251.1816
Malta,MLT,2001,2159.3369
Malta,MLT,2002,2216.6877
Malta,MLT,2003,2191.6677
Malta,MLT,2004,2091.1963
Malta,MLT,2005,2157.9136
Malta,MLT,2006,2162.856
Malta,MLT,2007,2153.3037
Malta,MLT,2008,2162.9739
Malta,MLT,2009,2168.4038
Malta,MLT,2010,2110.2021
Malta,MLT,2011,2052.0757
Malta,MLT,2012,2027.42
Malta,MLT,2013,2008.3445
Malta,MLT,2014,1976.5052
Malta,MLT,2015,1964.5587
Malta,MLT,2016,2031.9048
Malta,MLT,2017,2040.0317
Mexico,MEX,1950,2431.7302
Mexico,MEX,1951,2431.2783
Mexico,MEX,1952,2430.8264
Mexico,MEX,1953,2430.3748
Mexico,MEX,1954,2429.9231
Mexico,MEX,1955,2429.4714
Mexico,MEX,1956,2429.0198
Mexico,MEX,1957,2428.5684
Mexico,MEX,1958,2428.1169
Mexico,MEX,1959,2427.6658
Mexico,MEX,1960,2427.2146
Mexico,MEX,1961,2417.5605
Mexico,MEX,1962,2407.9448
Mexico,MEX,1963,2398.3674
Mexico,MEX,1964,2388.8281
Mexico,MEX,1965,2379.3269
Mexico,MEX,1966,2369.8633
Mexico,MEX,1967,2360.4373
Mexico,MEX,1968,2351.0488
Mexico,MEX,1969,2341.6978
Mexico,MEX,1970,2332.3838
Mexico,MEX,1971,2330.5007
Mexico,MEX,1972,2328.6191
Mexico,MEX,1973,2326.7393
Mexico,MEX,1974,2325.123
Mexico,MEX,1975,2323.5081
Mexico,MEX,1976,2321.894
Mexico,MEX,1977,2320.2815
Mexico,MEX,1978,2318.6697
Mexico,MEX,1979,2317.0593
Mexico,MEX,1980,2315.4497
Mexico,MEX,1981,2316.4517
Mexico,MEX,1982,2317.4539
Mexico,MEX,1983,2318.4563
Mexico,MEX,1984,2319.4595
Mexico,MEX,1985,2320.4629
Mexico,MEX,1986,2321.4668
Mexico,MEX,1987,2322.4712
Mexico,MEX,1988,2323.4761
Mexico,MEX,1989,2324.4812
Mexico,MEX,1990,2325.6104
Mexico,MEX,1991,2319.2534
Mexico,MEX,1992,2312.9143
Mexico,MEX,1993,2306.5923
Mexico,MEX,1994,2294
Mexico,MEX,1995,2294
Mexico,MEX,1996,2314
Mexico,MEX,1997,2322
Mexico,MEX,1998,2291
Mexico,MEX,1999,2306
Mexico,MEX,2000,2311
Mexico,MEX,2001,2285
Mexico,MEX,2002,2271
Mexico,MEX,2003,2277
Mexico,MEX,2004,2271
Mexico,MEX,2005,2290
Mexico,MEX,2006,2278
Mexico,MEX,2007,2260
Mexico,MEX,2008,2264
Mexico,MEX,2009,2255
Mexico,MEX,2010,2254
Mexico,MEX,2011,2248
Mexico,MEX,2012,2239
Mexico,MEX,2013,2244
Mexico,MEX,2014,2242
Mexico,MEX,2015,2248
Mexico,MEX,2016,2255
Mexico,MEX,2017,2255
Myanmar,MMR,1970,2451.2358
Myanmar,MMR,1971,2451.0273
Myanmar,MMR,1972,2450.8252
Myanmar,MMR,1973,2450.6233
Myanmar,MMR,1974,2449.9067
Myanmar,MMR,1975,2449.1809
Myanmar,MMR,1976,2448.3887
Myanmar,MMR,1977,2447.6335
Myanmar,MMR,1978,2446.9165
Myanmar,MMR,1979,2446.2368
Myanmar,MMR,1980,2445.5898
Myanmar,MMR,1981,2444.5784
Myanmar,MMR,1982,2443.6143
Myanmar,MMR,1983,2442.689
Myanmar,MMR,1984,2443.3994
Myanmar,MMR,1985,2444.1794
Myanmar,MMR,1986,2445.1855
Myanmar,MMR,1987,2446.2239
Myanmar,MMR,1988,2447.2898
Myanmar,MMR,1989,2448.3792
Myanmar,MMR,1990,2449.4873
Myanmar,MMR,1991,2449.9634
Myanmar,MMR,1992,2449.3638
Myanmar,MMR,1993,2448.7241
Myanmar,MMR,1994,2448.0374
Myanmar,MMR,1995,2447.2981
Myanmar,MMR,1996,2446.9963
Myanmar,MMR,1997,2446.6213
Myanmar,MMR,1998,2446.1975
Myanmar,MMR,1999,2445.7458
Myanmar,MMR,2000,2445.2773
Myanmar,MMR,2001,2444.8813
Myanmar,MMR,2002,2444.4875
Myanmar,MMR,2003,2444.0911
Myanmar,MMR,2004,2443.6851
Myanmar,MMR,2005,2443.2632
Myanmar,MMR,2006,2442.7166
Myanmar,MMR,2007,2442.1189
Myanmar,MMR,2008,2441.4534
Myanmar,MMR,2009,2440.6943
Myanmar,MMR,2010,2439.7983
Myanmar,MMR,2011,2439.4463
Myanmar,MMR,2012,2439.0742
Myanmar,MMR,2013,2438.6584
Myanmar,MMR,2014,2438.1577
Myanmar,MMR,2015,2437.8633
Myanmar,MMR,2016,2437.8633
Myanmar,MMR,2017,2437.8633
Netherlands,NLD,1870,3274
Netherlands,NLD,1880,3194
Netherlands,NLD,1890,3105
Netherlands,NLD,1900,3037
Netherlands,NLD,1913,2942
Netherlands,NLD,1929,2233
Netherlands,NLD,1938,2281
Netherlands,NLD,1950,1993.9949
Netherlands,NLD,1951,1979.3413
Netherlands,NLD,1952,1964.7954
Netherlands,NLD,1953,1950.3564
Netherlands,NLD,1954,1936.0237
Netherlands,NLD,1955,1921.7961
Netherlands,NLD,1956,1907.6732
Netherlands,NLD,1957,1893.6541
Netherlands,NLD,1958,1879.7379
Netherlands,NLD,1959,1865.9241
Netherlands,NLD,1960,1852.2117
Netherlands,NLD,1961,1850.542
Netherlands,NLD,1962,1848.8738
Netherlands,NLD,1963,1847.2072
Netherlands,NLD,1964,1845.542
Netherlands,NLD,1965,1843.8783
Netherlands,NLD,1966,1842.2162
Netherlands,NLD,1967,1840.5555
Netherlands,NLD,1968,1838.8964
Netherlands,NLD,1969,1875.0446
Netherlands,NLD,1970,1835.5825
Netherlands,NLD,1971,1802.0966
Netherlands,NLD,1972,1800.3485
Netherlands,NLD,1973,1773.9435
Netherlands,NLD,1974,1720.4615
Netherlands,NLD,1975,1667.3665
Netherlands,NLD,1976,1651.4924
Netherlands,NLD,1977,1631.2665
Netherlands,NLD,1978,1602.7205
Netherlands,NLD,1979,1581.2885
Netherlands,NLD,1980,1578.3605
Netherlands,NLD,1981,1577.8354
Netherlands,NLD,1982,1563.3324
Netherlands,NLD,1983,1548.4104
Netherlands,NLD,1984,1540.2925
Netherlands,NLD,1985,1523.8414
Netherlands,NLD,1986,1508.9044
Netherlands,NLD,1987,1487.6425
Netherlands,NLD,1988,1484.4354
Netherlands,NLD,1989,1479.6885
Netherlands,NLD,1990,1473.8715
Netherlands,NLD,1991,1464.7715
Netherlands,NLD,1992,1471.1754
Netherlands,NLD,1993,1460.8594
Netherlands,NLD,1994,1468.4915
Netherlands,NLD,1995,1479.2355
Netherlands,NLD,1996,1494.4548
Netherlands,NLD,1997,1480.0753
Netherlands,NLD,1998,1476.3424
Netherlands,NLD,1999,1475.2928
Netherlands,NLD,2000,1462.0212
Netherlands,NLD,2001,1451.8977
Netherlands,NLD,2002,1434.8143
Netherlands,NLD,2003,1426.554
Netherlands,NLD,2004,1447.5278
Netherlands,NLD,2005,1433.5756
Netherlands,NLD,2006,1430.4602
Netherlands,NLD,2007,1429.7458
Netherlands,NLD,2008,1430.0443
Netherlands,NLD,2009,1421.9767
Netherlands,NLD,2010,1421.3412
Netherlands,NLD,2011,1422.4435
Netherlands,NLD,2012,1413.1395
Netherlands,NLD,2013,1417.5695
Netherlands,NLD,2014,1428.8756
Netherlands,NLD,2015,1423.9202
Netherlands,NLD,2016,1436.729
Netherlands,NLD,2017,1430.0229
New Zealand,NZL,1970,1900.6941
New Zealand,NZL,1971,1896.7161
New Zealand,NZL,1972,1892.9427
New Zealand,NZL,1973,1889.1609
New Zealand,NZL,1974,1885.3789
New Zealand,NZL,1975,1881.6034
New Zealand,NZL,1976,1877.8325
New Zealand,NZL,1977,1874.0708
New Zealand,NZL,1978,1870.369
New Zealand,NZL,1979,1866.3364
New Zealand,NZL,1980,1864.4515
New Zealand,NZL,1981,1861.2894
New Zealand,NZL,1982,1846.8429
New Zealand,NZL,1983,1844.5219
New Zealand,NZL,1984,1852.9146
New Zealand,NZL,1985,1837.2321
New Zealand,NZL,1986,1834
New Zealand,NZL,1987,1838
New Zealand,NZL,1988,1829
New Zealand,NZL,1989,1820
New Zealand,NZL,1990,1809
New Zealand,NZL,1991,1792
New Zealand,NZL,1992,1799
New Zealand,NZL,1993,1853
New Zealand,NZL,1994,1848
New Zealand,NZL,1995,1841
New Zealand,NZL,1996,1834
New Zealand,NZL,1997,1826
New Zealand,NZL,1998,1829
New Zealand,NZL,1999,1845
New Zealand,NZL,2000,1836
New Zealand,NZL,2001,1825
New Zealand,NZL,2002,1826
New Zealand,NZL,2003,1823
New Zealand,NZL,2004,1830
New Zealand,NZL,2005,1815
New Zealand,NZL,2006,1795
New Zealand,NZL,2007,1774
New Zealand,NZL,2008,1761
New Zealand,NZL,2009,1740
New Zealand,NZL,2010,1755
New Zealand,NZL,2011,1746
New Zealand,NZL,2012,1734
New Zealand,NZL,2013,1752
New Zealand,NZL,2014,1762
New Zealand,NZL,2015,1757
New Zealand,NZL,2016,1752
New Zealand,NZL,2017,1752
Nigeria,NGA,2010,1996.6565
Nigeria,NGA,2011,1984.2125
Nigeria,NGA,2012,1880.9844
Nigeria,NGA,2013,1893.6323
Nigeria,NGA,2014,1909.653
Nigeria,NGA,2015,1703.4781
Nigeria,NGA,2016,1827.2401
Nigeria,NGA,2017,1827.2401
Norway,NOR,1950,2129.4849
Norway,NOR,1951,2118.7014
Norway,NOR,1952,2107.9727
Norway,NOR,1953,2097.2981
Norway,NOR,1954,2086.6777
Norway,NOR,1955,2076.1111
Norway,NOR,1956,2065.5979
Norway,NOR,1957,2055.1379
Norway,NOR,1958,2044.7311
Norway,NOR,1959,2034.3768
Norway,NOR,1960,2024.075
Norway,NOR,1961,2009.3054
Norway,NOR,1962,1994.6438
Norway,NOR,1963,1985.6454
Norway,NOR,1964,1995.6436
Norway,NOR,1965,1950.6516
Norway,NOR,1966,1951.6514
Norway,NOR,1967,1935.6543
Norway,NOR,1968,1896.6613
Norway,NOR,1969,1848.6698
Norway,NOR,1970,1834.6724
Norway,NOR,1971,1812.6763
Norway,NOR,1972,1779.6821
Norway,NOR,1973,1765.6847
Norway,NOR,1974,1744.6884
Norway,NOR,1975,1727.6914
Norway,NOR,1976,1674.0947
Norway,NOR,1977,1637.9404
Norway,NOR,1978,1601.4917
Norway,NOR,1979,1580.1366
Norway,NOR,1980,1579.7845
Norway,NOR,1981,1569.9088
Norway,NOR,1982,1558.481
Norway,NOR,1983,1553.8071
Norway,NOR,1984,1548.6146
Norway,NOR,1985,1542.6471
Norway,NOR,1986,1538.2059
Norway,NOR,1987,1510.6976
Norway,NOR,1988,1513.5641
Norway,NOR,1989,1510.8329
Norway,NOR,1990,1502.6711
Norway,NOR,1991,1500.4907
Norway,NOR,1992,1510.3245
Norway,NOR,1993,1506.5886
Norway,NOR,1994,1504.5739
Norway,NOR,1995,1487.7358
Norway,NOR,1996,1482.2007
Norway,NOR,1997,1477.5382
Norway,NOR,1998,1475.7112
Norway,NOR,1999,1474.8483
Norway,NOR,2000,1456.4656
Norway,NOR,2001,1430.8419
Norway,NOR,2002,1416.3457
Norway,NOR,2003,1404.5042
Norway,NOR,2004,1423.8383
Norway,NOR,2005,1427.7825
Norway,NOR,2006,1425.226
Norway,NOR,2007,1434.3196
Norway,NOR,2008,1438.6703
Norway,NOR,2009,1416.8906
Norway,NOR,2010,1426.4763
Norway,NOR,2011,1430.038
Norway,NOR,2012,1428.465
Norway,NOR,2013,1417.9874
Norway,NOR,2014,1420.2477
Norway,NOR,2015,1422.5608
Norway,NOR,2016,1429.0883
Norway,NOR,2017,1417.4723
Pakistan,PAK,1970,2215.5176
Pakistan,PAK,1971,2256.3687
Pakistan,PAK,1972,2204.0798
Pakistan,PAK,1973,2238.2603
Pakistan,PAK,1974,2270.1731
Pakistan,PAK,1975,2308.2813
Pakistan,PAK,1976,2265.5247
Pakistan,PAK,1977,2220.8157
Pakistan,PAK,1978,2176.0486
Pakistan,PAK,1979,2130.6965
Pakistan,PAK,1980,2143.271
Pakistan,PAK,1981,2125.9895
Pakistan,PAK,1982,2129.3101
Pakistan,PAK,1983,2132.9883
Pakistan,PAK,1984,2140.3125
Pakistan,PAK,1985,2157.97
Pakistan,PAK,1986,2164.0027
Pakistan,PAK,1987,2134.238
Pakistan,PAK,1988,2108.9004
Pakistan,PAK,1989,2138.9285
Pakistan,PAK,1990,2167.2649
Pakistan,PAK,1991,2205.8513
Pakistan,PAK,1992,2202.4463
Pakistan,PAK,1993,2233.5469
Pakistan,PAK,1994,2195.5017
Pakistan,PAK,1995,2217.4604
Pakistan,PAK,1996,2211.9167
Pakistan,PAK,1997,2199.7478
Pakistan,PAK,1998,2177.5776
Pakistan,PAK,1999,2179.28
Pakistan,PAK,2000,2186.4368
Pakistan,PAK,2001,2178.7424
Pakistan,PAK,2002,2169.9292
Pakistan,PAK,2003,2184.9133
Pakistan,PAK,2004,2176.8701
Pakistan,PAK,2005,2164.6743
Pakistan,PAK,2006,2131.4966
Pakistan,PAK,2007,2135.8044
Pakistan,PAK,2008,2128.708
Pakistan,PAK,2009,2109.1353
Pakistan,PAK,2010,2127.9233
Pakistan,PAK,2011,2114.8743
Pakistan,PAK,2012,2101.45
Pakistan,PAK,2013,2088.7529
Pakistan,PAK,2014,2095.2488
Pakistan,PAK,2015,2096.1443
Pakistan,PAK,2016,2096.1443
Pakistan,PAK,2017,2096.1443
Peru,PER,1950,2157
Peru,PER,1951,2151.7302
Peru,PER,1952,2146.4736
Peru,PER,1953,2141.2297
Peru,PER,1954,2135.9985
Peru,PER,1955,2130.78
Peru,PER,1956,2125.5745
Peru,PER,1957,2120.3816
Peru,PER,1958,2115.2014
Peru,PER,1959,2110.0339
Peru,PER,1960,2104.8789
Peru,PER,1961,2099.7366
Peru,PER,1962,2094.6069
Peru,PER,1963,2089.4897
Peru,PER,1964,2084.385
Peru,PER,1965,2079.2927
Peru,PER,1966,2074.2129
Peru,PER,1967,2069.1455
Peru,PER,1968,2064.0906
Peru,PER,1969,2059.0479
Peru,PER,1970,2054.0173
Peru,PER,1971,2048.9993
Peru,PER,1972,2043.9935
Peru,PER,1973,2039
Peru,PER,1974,2032.4211
Peru,PER,1975,2025.8635
Peru,PER,1976,2019.327
Peru,PER,1977,2012.8116
Peru,PER,1978,2006.3173
Peru,PER,1979,1999.8439
Peru,PER,1980,1993.3912
Peru,PER,1981,1986.9596
Peru,PER,1982,1980.5486
Peru,PER,1983,1974.1583
Peru,PER,1984,1967.7887
Peru,PER,1985,1961.4396
Peru,PER,1986,1955.111
Peru,PER,1987,1948.8027
Peru,PER,1988,1942.5149
Peru,PER,1989,1936.2473
Peru,PER,1990,1930
Peru,PER,1991,1928.9998
Peru,PER,1992,1928
Peru,PER,1993,1927.6665
Peru,PER,1994,1927.3331
Peru,PER,1995,1926.9998
Peru,PER,1996,1926.6664
Peru,PER,1997,1926.3331
Peru,PER,1998,1926
Peru,PER,1999,1890.957
Peru,PER,2000,2005.0114
Peru,PER,2001,1982.5784
Peru,PER,2002,2003.0768
Peru,PER,2003,1985.3206
Peru,PER,2004,1974.6361
Peru,PER,2005,1956.4169
Peru,PER,2006,1968.9254
Peru,PER,2007,1989.0568
Peru,PER,2008,1989.981
Peru,PER,2009,1960.8812
Peru,PER,2010,1926.2219
Peru,PER,2011,1923.7831
Peru,PER,2012,1923.4186
Peru,PER,2013,1919.1624
Peru,PER,2014,1904.4829
Peru,PER,2015,1932.4581
Peru,PER,2016,1932.4581
Peru,PER,2017,1932.4581
Philippines,PHL,1970,2113.6689
Philippines,PHL,1971,2116.4604
Philippines,PHL,1972,2118.3684
Philippines,PHL,1973,2109.4307
Philippines,PHL,1974,2120.0684
Philippines,PHL,1975,2124.2627
Philippines,PHL,1976,2124.6768
Philippines,PHL,1977,2161.4109
Philippines,PHL,1978,2136.6262
Philippines,PHL,1979,2135.6489
Philippines,PHL,1980,2134.4941
Philippines,PHL,1981,2135.5039
Philippines,PHL,1982,2131.0586
Philippines,PHL,1983,2141.8547
Philippines,PHL,1984,2172.7959
Philippines,PHL,1985,2174.2009
Philippines,PHL,1986,2171.3867
Philippines,PHL,1987,2179.793
Philippines,PHL,1988,2188.2681
Philippines,PHL,1989,2197.3484
Philippines,PHL,1990,2191.7815
Philippines,PHL,1991,2176.1108
Philippines,PHL,1992,2175.9771
Philippines,PHL,1993,2135.9644
Philippines,PHL,1994,2149.8604
Philippines,PHL,1995,2129.8364
Philippines,PHL,1996,2094.2141
Philippines,PHL,1997,2098.4424
Philippines,PHL,1998,2091.7673
Philippines,PHL,1999,2081.3909
Philippines,PHL,2000,2086.844
Philippines,PHL,2001,2079.7271
Philippines,PHL,2002,2061.2661
Philippines,PHL,2003,2077.873
Philippines,PHL,2004,2084.7686
Philippines,PHL,2005,2103.6121
Philippines,PHL,2006,2077.9478
Philippines,PHL,2007,2093.1072
Philippines,PHL,2008,2113.2456
Philippines,PHL,2009,2117.425
Philippines,PHL,2010,2124.781
Philippines,PHL,2011,2126.8171
Philippines,PHL,2012,2132.0334
Philippines,PHL,2013,2141.512
Philippines,PHL,2014,2143.2434
Philippines,PHL,2015,2148.5645
Philippines,PHL,2016,2148.5645
Philippines,PHL,2017,2148.5645
Poland,POL,1993,2070.8213
Poland,POL,1994,2084.6243
Poland,POL,1995,2081.9163
Poland,POL,1996,2082.0403
Poland,POL,1997,2081.8833
Poland,POL,1998,2081.8135
Poland,POL,1999,2079.9983
Poland,POL,2000,2081.6973
Poland,POL,2001,2083.6909
Poland,POL,2002,2078.4751
Poland,POL,2003,2084.1721
Poland,POL,2004,2084.5327
Poland,POL,2005,2079.0483
Poland,POL,2006,2080.5796
Poland,POL,2007,2077.6145
Poland,POL,2008,2069.6001
Poland,POL,2009,2054
Poland,POL,2010,2048.8
Poland,POL,2011,2043.6
Poland,POL,2012,2038.4
Poland,POL,2013,2034.7546
Poland,POL,2014,2041.3219
Poland,POL,2015,2049.009
Poland,POL,2016,2050.3591
Poland,POL,2017,2028.4952
Portugal,PRT,1950,2399.4299
Portugal,PRT,1951,2384.1846
Portugal,PRT,1952,2369.0359
Portugal,PRT,1953,2353.9834
Portugal,PRT,1954,2339.0269
Portugal,PRT,1955,2324.165
Portugal,PRT,1956,2309.3977
Portugal,PRT,1957,2294.7244
Portugal,PRT,1958,2280.1443
Portugal,PRT,1959,2265.6565
Portugal,PRT,1960,2251.261
Portugal,PRT,1961,2238.8623
Portugal,PRT,1962,2226.5317
Portugal,PRT,1963,2214.269
Portugal,PRT,1964,2202.074
Portugal,PRT,1965,2189.946
Portugal,PRT,1966,2177.885
Portugal,PRT,1967,2165.8904
Portugal,PRT,1968,2153.9617
Portugal,PRT,1969,2142.0986
Portugal,PRT,1970,2097.2881
Portugal,PRT,1971,2097.0461
Portugal,PRT,1972,2096.6499
Portugal,PRT,1973,2095.2966
Portugal,PRT,1974,2105.0916
Portugal,PRT,1975,2105.2266
Portugal,PRT,1976,2100.8796
Portugal,PRT,1977,2101.811
Portugal,PRT,1978,2087.2092
Portugal,PRT,1979,2072.2349
Portugal,PRT,1980,2053.4819
Portugal,PRT,1981,2036.1785
Portugal,PRT,1982,2016.1331
Portugal,PRT,1983,1998.1772
Portugal,PRT,1984,1981.213
Portugal,PRT,1985,1966.8304
Portugal,PRT,1986,1954.4536
Portugal,PRT,1987,1969.7723
Portugal,PRT,1988,1949.9332
Portugal,PRT,1989,1978.3394
Portugal,PRT,1990,1967.8943
Portugal,PRT,1991,1888.8375
Portugal,PRT,1992,1871.9889
Portugal,PRT,1993,1859.4235
Portugal,PRT,1994,1855.101
Portugal,PRT,1995,1893.4019
Portugal,PRT,1996,1894.422
Portugal,PRT,1997,1889.6281
Portugal,PRT,1998,1905.3082
Portugal,PRT,1999,1907.0874
Portugal,PRT,2000,1916.8097
Portugal,PRT,2001,1900.4532
Portugal,PRT,2002,1893.5931
Portugal,PRT,2003,1886.6373
Portugal,PRT,2004,1892.8103
Portugal,PRT,2005,1894.8535
Portugal,PRT,2006,1882.9833
Portugal,PRT,2007,1899.9846
Portugal,PRT,2008,1886.8917
Portugal,PRT,2009,1887.0959
Portugal,PRT,2010,1889.7576
Portugal,PRT,2011,1866.5815
Portugal,PRT,2012,1849.0493
Portugal,PRT,2013,1859.1348
Portugal,PRT,2014,1866.8982
Portugal,PRT,2015,1874.9194
Portugal,PRT,2016,1864.5854
Portugal,PRT,2017,1863.1744
Romania,ROU,1995,1822.6454
Romania,ROU,1996,1861.4635
Romania,ROU,1997,1860.5239
Romania,ROU,1998,1859.1493
Romania,ROU,1999,1850.0447
Romania,ROU,2000,1852.999
Romania,ROU,2001,1852.4805
Romania,ROU,2002,1867.1761
Romania,ROU,2003,1837.0599
Romania,ROU,2004,1845.963
Romania,ROU,2005,1852.9121
Romania,ROU,2006,1869.286
Romania,ROU,2007,1878.15
Romania,ROU,2008,1878.428
Romania,ROU,2009,1867.8512
Romania,ROU,2010,1860.6654
Romania,ROU,2011,1893.7997
Romania,ROU,2012,1811.5428
Romania,ROU,2013,1806.4569
Romania,ROU,2014,1792.5336
Romania,ROU,2015,1785.6711
Romania,ROU,2016,1792.7908
Romania,ROU,2017,1805.9998
Russia,RUS,1992,1933
Russia,RUS,1993,1939
Russia,RUS,1994,1895
Russia,RUS,1995,1891
Russia,RUS,1996,1894
Russia,RUS,1997,1951
Russia,RUS,1998,1946
Russia,RUS,1999,1964
Russia,RUS,2000,1982
Russia,RUS,2001,1980
Russia,RUS,2002,1982
Russia,RUS,2003,1993
Russia,RUS,2004,1993
Russia,RUS,2005,1989
Russia,RUS,2006,1998
Russia,RUS,2007,1999
Russia,RUS,2008,1997
Russia,RUS,2009,1974
Russia,RUS,2010,1976
Russia,RUS,2011,1979
Russia,RUS,2012,1982
Russia,RUS,2013,1980
Russia,RUS,2014,1985
Russia,RUS,2015,1978
Russia,RUS,2016,1974
Russia,RUS,2017,1974
Saint Lucia,LCA,1985,1959.8116
Saint Lucia,LCA,1986,1943.3939
Saint Lucia,LCA,1987,1924.8438
Saint Lucia,LCA,1988,1898.2477
Saint Lucia,LCA,1989,1880.4877
Saint Lucia,LCA,1990,1881.7997
Saint Lucia,LCA,1991,1897.3466
Saint Lucia,LCA,1992,1928.8988
Saint Lucia,LCA,1993,1995.7933
Saint Lucia,LCA,1994,1962.6689
Saint Lucia,LCA,1995,1986.1134
Saint Lucia,LCA,1996,1972.0729
Saint Lucia,LCA,1997,2011.2849
Saint Lucia,LCA,1998,1972.3011
Saint Lucia,LCA,1999,1997.7997
Saint Lucia,LCA,2000,1979.1416
Saint Lucia,LCA,2001,1981.8158
Singapore,SGP,1960,2296.9849
Singapore,SGP,1961,2291.8755
Singapore,SGP,1962,2286.7776
Singapore,SGP,1963,2281.6909
Singapore,SGP,1964,2276.6155
Singapore,SGP,1965,2271.5513
Singapore,SGP,1966,2266.4985
Singapore,SGP,1967,2261.457
Singapore,SGP,1968,2256.4265
Singapore,SGP,1969,2251.4075
Singapore,SGP,1970,2246.3994
Singapore,SGP,1971,2246.3452
Singapore,SGP,1972,2246.262
Singapore,SGP,1973,2246.1865
Singapore,SGP,1974,2246.1814
Singapore,SGP,1975,2225.8064
Singapore,SGP,1976,2250.8242
Singapore,SGP,1977,2198.7766
Singapore,SGP,1978,2198.0557
Singapore,SGP,1979,2174.7175
Singapore,SGP,1980,2182.9209
Singapore,SGP,1981,2208.874
Singapore,SGP,1982,2215.0676
Singapore,SGP,1983,2220.1228
Singapore,SGP,1984,2229.2292
Singapore,SGP,1985,2189.9102
Singapore,SGP,1986,2222.7244
Singapore,SGP,1987,2252.5029
Singapore,SGP,1988,2265.7773
Singapore,SGP,1989,2322.6218
Singapore,SGP,1990,2326.9338
Singapore,SGP,1991,2346.3354
Singapore,SGP,1992,2349.8481
Singapore,SGP,1993,2375.0393
Singapore,SGP,1994,2390.9065
Singapore,SGP,1995,2403.967
Singapore,SGP,1996,2424.0986
Singapore,SGP,1997,2437.7629
Singapore,SGP,1998,2425.8899
Singapore,SGP,1999,2446.3804
Singapore,SGP,2000,2463.3818
Singapore,SGP,2001,2443.5063
Singapore,SGP,2002,2435.3835
Singapore,SGP,2003,2440.1726
Singapore,SGP,2004,2407.2163
Singapore,SGP,2005,2407.3508
Singapore,SGP,2006,2399.0986
Singapore,SGP,2007,2378.3054
Singapore,SGP,2008,2370.7432
Singapore,SGP,2009,2335.3806
Singapore,SGP,2010,2373.0669
Singapore,SGP,2011,2330.0723
Singapore,SGP,2012,2337.4866
Singapore,SGP,2013,2328.0503
Singapore,SGP,2014,2290.3225
Singapore,SGP,2015,2263.1465
Singapore,SGP,2016,2252.5857
Singapore,SGP,2017,2237.7263
Slovakia,SVK,1990,1827.6455
Slovakia,SVK,1991,1827.7343
Slovakia,SVK,1992,1827.675
Slovakia,SVK,1993,1827.8033
Slovakia,SVK,1994,1827.4283
Slovakia,SVK,1995,1853.0483
Slovakia,SVK,1996,1819.6322
Slovakia,SVK,1997,1829.9979
Slovakia,SVK,1998,1821.8607
Slovakia,SVK,1999,1816.2406
Slovakia,SVK,2000,1815.6061
Slovakia,SVK,2001,1800.7356
Slovakia,SVK,2002,1754.074
Slovakia,SVK,2003,1697.5651
Slovakia,SVK,2004,1741.9944
Slovakia,SVK,2005,1769.4879
Slovakia,SVK,2006,1774.454
Slovakia,SVK,2007,1791.201
Slovakia,SVK,2008,1793.3569
Slovakia,SVK,2009,1780.3383
Slovakia,SVK,2010,1805.1501
Slovakia,SVK,2011,1793.0127
Slovakia,SVK,2012,1789.0425
Slovakia,SVK,2013,1771.6141
Slovakia,SVK,2014,1759.6132
Slovakia,SVK,2015,1754.0863
Slovakia,SVK,2016,1740.0107
Slovakia,SVK,2017,1745.2307
Slovenia,SVN,1995,1755.3971
Slovenia,SVN,1996,1727.4915
Slovenia,SVN,1997,1714.797
Slovenia,SVN,1998,1727.9677
Slovenia,SVN,1999,1729.6924
Slovenia,SVN,2000,1710.0972
Slovenia,SVN,2001,1695.8896
Slovenia,SVN,2002,1720.5181
Slovenia,SVN,2003,1723.8251
Slovenia,SVN,2004,1736.5703
Slovenia,SVN,2005,1696.6035
Slovenia,SVN,2006,1667.4508
Slovenia,SVN,2007,1654.9396
Slovenia,SVN,2008,1673.6466
Slovenia,SVN,2009,1678.7506
Slovenia,SVN,2010,1680.1403
Slovenia,SVN,2011,1663.1636
Slovenia,SVN,2012,1644.5905
Slovenia,SVN,2013,1662.4053
Slovenia,SVN,2014,1681.9049
Slovenia,SVN,2015,1687.8574
Slovenia,SVN,2016,1666.9202
Slovenia,SVN,2017,1655.089
South Africa,ZAF,2001,2376.3381
South Africa,ZAF,2002,2382.7659
South Africa,ZAF,2003,2318.6794
South Africa,ZAF,2004,2342.2734
South Africa,ZAF,2005,2399.4282
South Africa,ZAF,2006,2315.748
South Africa,ZAF,2007,2322.1228
South Africa,ZAF,2008,2284.2344
South Africa,ZAF,2009,2249.3083
South Africa,ZAF,2010,2235.7429
South Africa,ZAF,2011,2254.5857
South Africa,ZAF,2012,2224.1082
South Africa,ZAF,2013,2211.9863
South Africa,ZAF,2014,2209.0916
South Africa,ZAF,2015,2209.0916
South Africa,ZAF,2016,2209.0916
South Africa,ZAF,2017,2209.0916
South Korea,KOR,1953,2304.5479
South Korea,KOR,1954,2325.1472
South Korea,KOR,1955,2345.9309
South Korea,KOR,1956,2366.9004
South Korea,KOR,1957,2388.0574
South Korea,KOR,1958,2409.4033
South Korea,KOR,1959,2430.9402
South Korea,KOR,1960,2452.6694
South Korea,KOR,1961,2474.593
South Korea,KOR,1962,2496.7126
South Korea,KOR,1963,2519.03
South Korea,KOR,1964,2439.4817
South Korea,KOR,1965,2545.5459
South Korea,KOR,1966,2529.6362
South Korea,KOR,1967,2561.4556
South Korea,KOR,1968,2609.1846
South Korea,KOR,1969,2667.52
South Korea,KOR,1970,2561.4556
South Korea,KOR,1971,2625.0942
South Korea,KOR,1972,2688.7329
South Korea,KOR,1973,2736.4619
South Korea,KOR,1974,2789.4941
South Korea,KOR,1975,2810.707
South Korea,KOR,1976,2895.5586
South Korea,KOR,1977,2863.7393
South Korea,KOR,1978,2895.5586
South Korea,KOR,1979,2879.6489
South Korea,KOR,1980,2863.7393
South Korea,KOR,1981,2879.7378
South Korea,KOR,1982,2892.7366
South Korea,KOR,1983,2910.7349
South Korea,KOR,1984,2906.7354
South Korea,KOR,1985,2881.7375
South Korea,KOR,1986,2910.7349
South Korea,KOR,1987,2879.7378
South Korea,KOR,1988,2833.7419
South Korea,KOR,1989,2730.7515
South Korea,KOR,1990,2676.7563
South Korea,KOR,1991,2660.7578
South Korea,KOR,1992,2638.7598
South Korea,KOR,1993,2655.6575
South Korea,KOR,1994,2640.1453
South Korea,KOR,1995,2647.2344
South Korea,KOR,1996,2636.5608
South Korea,KOR,1997,2580.8613
South Korea,KOR,1998,2485.8723
South Korea,KOR,1999,2492.0903
South Korea,KOR,2000,2509.2881
South Korea,KOR,2001,2495.9204
South Korea,KOR,2002,2454.8811
South Korea,KOR,2003,2423.6482
South Korea,KOR,2004,2391.532
South Korea,KOR,2005,2351.3191
South Korea,KOR,2006,2345.9138
South Korea,KOR,2007,2306.1985
South Korea,KOR,2008,2212.9114
South Korea,KOR,2009,2168.053
South Korea,KOR,2010,2157.0649
South Korea,KOR,2011,2127.1472
South Korea,KOR,2012,2103.2305
South Korea,KOR,2013,2094.2297
South Korea,KOR,2014,2069.3149
South Korea,KOR,2015,2076.2959
South Korea,KOR,2016,2063.3315
South Korea,KOR,2017,2063.3315
Spain,ESP,1870,2968
Spain,ESP,1880,2876
Spain,ESP,1890,2787
Spain,ESP,1900,2710
Spain,ESP,1913,2601
Spain,ESP,1929,2342
Spain,ESP,1938,2030
Spain,ESP,1950,2208.7041
Spain,ESP,1951,2204.5266
Spain,ESP,1952,2200.4651
Spain,ESP,1953,2196.5059
Spain,ESP,1954,2213.5598
Spain,ESP,1955,2195.4749
Spain,ESP,1956,2179.343
Spain,ESP,1957,2164.2705
Spain,ESP,1958,2149.6418
Spain,ESP,1959,2139.0928
Spain,ESP,1960,2129.8408
Spain,ESP,1961,2111.5886
Spain,ESP,1962,2094.3887
Spain,ESP,1963,2077.4646
Spain,ESP,1964,2031.7472
Spain,ESP,1965,2024.0238
Spain,ESP,1966,2025.4124
Spain,ESP,1967,2034.2599
Spain,ESP,1968,1996.5132
Spain,ESP,1969,1988.2668
Spain,ESP,1970,1996.2207
Spain,ESP,1971,1996.3376
Spain,ESP,1972,1992.1937
Spain,ESP,1973,1980.3586
Spain,ESP,1974,1986.5297
Spain,ESP,1975,1996.3567
Spain,ESP,1976,2006.4636
Spain,ESP,1977,2000.2756
Spain,ESP,1978,1973.4487
Spain,ESP,1979,1929.3617
Spain,ESP,1980,1917.9247
Spain,ESP,1981,1884.1837
Spain,ESP,1982,1862.4357
Spain,ESP,1983,1830.6687
Spain,ESP,1984,1786.1127
Spain,ESP,1985,1776.2207
Spain,ESP,1986,1768.2877
Spain,ESP,1987,1760.3707
Spain,ESP,1988,1756.3987
Spain,ESP,1989,1744.4807
Spain,ESP,1990,1746.4478
Spain,ESP,1991,1755.3497
Spain,ESP,1992,1747.4857
Spain,ESP,1993,1739.5718
Spain,ESP,1994,1738.5277
Spain,ESP,1995,1738.8168
Spain,ESP,1996,1740.2025
Spain,ESP,1997,1742.4939
Spain,ESP,1998,1750.9642
Spain,ESP,1999,1756.0535
Spain,ESP,2000,1752.7551
Spain,ESP,2001,1762.5
Spain,ESP,2002,1764.574
Spain,ESP,2003,1755.9388
Spain,ESP,2004,1741.507
Spain,ESP,2005,1725.6006
Spain,ESP,2006,1715.6556
Spain,ESP,2007,1703.4878
Spain,ESP,2008,1712.5524
Spain,ESP,2009,1719.6741
Spain,ESP,2010,1710.3958
Spain,ESP,2011,1715.5109
Spain,ESP,2012,1701.1927
Spain,ESP,2013,1693.5347
Spain,ESP,2014,1694.5872
Spain,ESP,2015,1699.4991
Spain,ESP,2016,1701.3669
Spain,ESP,2017,1686.4973
Sri Lanka,LKA,1970,1894.261
Sri Lanka,LKA,1971,1893.8901
Sri Lanka,LKA,1972,1893.8713
Sri Lanka,LKA,1973,1893.9866
Sri Lanka,LKA,1974,1894.1637
Sri Lanka,LKA,1975,1894.3438
Sri Lanka,LKA,1976,1894.2008
Sri Lanka,LKA,1977,1949.3335
Sri Lanka,LKA,1978,1953.4127
Sri Lanka,LKA,1979,1957.5671
Sri Lanka,LKA,1980,1961.8099
Sri Lanka,LKA,1981,1969.6782
Sri Lanka,LKA,1982,1972.9618
Sri Lanka,LKA,1983,1986.3512
Sri Lanka,LKA,1984,1966.2671
Sri Lanka,LKA,1985,1893.4132
Sri Lanka,LKA,1986,1956.422
Sri Lanka,LKA,1987,1962.3741
Sri Lanka,LKA,1988,1968.3154
Sri Lanka,LKA,1989,1974.3776
Sri Lanka,LKA,1990,1980.6451
Sri Lanka,LKA,1991,1997.9506
Sri Lanka,LKA,1992,2001.6265
Sri Lanka,LKA,1993,2017.4285
Sri Lanka,LKA,1994,1961.7678
Sri Lanka,LKA,1995,1943.4845
Sri Lanka,LKA,1996,1936.9487
Sri Lanka,LKA,1997,1894.8599
Sri Lanka,LKA,1998,1910.4878
Sri Lanka,LKA,1999,1932.7937
Sri Lanka,LKA,2000,2000.7396
Sri Lanka,LKA,2001,1975.6603
Sri Lanka,LKA,2002,1812.2015
Sri Lanka,LKA,2003,1733.8713
Sri Lanka,LKA,2004,1856.2976
Sri Lanka,LKA,2005,1887.6925
Sri Lanka,LKA,2006,1835.4296
Sri Lanka,LKA,2007,1861.298
Sri Lanka,LKA,2008,1823.991
Sri Lanka,LKA,2009,1810.6287
Sri Lanka,LKA,2010,1872.3361
Sri Lanka,LKA,2011,1993.5437
Sri Lanka,LKA,2012,2052.9392
Sri Lanka,LKA,2013,1896.4591
Sri Lanka,LKA,2014,1926.2461
Sri Lanka,LKA,2015,1923.9354
Sri Lanka,LKA,2016,1923.9354
Sri Lanka,LKA,2017,1923.9354
Sweden,SWE,1870,3436
Sweden,SWE,1880,3187
Sweden,SWE,1890,2937
Sweden,SWE,1900,2745
Sweden,SWE,1913,2745
Sweden,SWE,1929,2152
Sweden,SWE,1938,2131
Sweden,SWE,1950,1989.3108
Sweden,SWE,1951,1980.4301
Sweden,SWE,1952,1980.4301
Sweden,SWE,1953,1960.6948
Sweden,SWE,1954,1971.5492
Sweden,SWE,1955,1960.6948
Sweden,SWE,1956,1936.0258
Sweden,SWE,1957,1936.0258
Sweden,SWE,1958,1904.4493
Sweden,SWE,1959,1878.7936
Sweden,SWE,1960,1873.8597
Sweden,SWE,1961,1875.8333
Sweden,SWE,1962,1863.9922
Sweden,SWE,1963,1858.0715
Sweden,SWE,1964,1827.4819
Sweden,SWE,1965,1816.6276
Sweden,SWE,1966,1802.813
Sweden,SWE,1967,1772.2234
Sweden,SWE,1968,1729.7926
Sweden,SWE,1969,1707.097
Sweden,SWE,1970,1707.097
Sweden,SWE,1971,1675.2631
Sweden,SWE,1972,1635.7161
Sweden,SWE,1973,1620.2201
Sweden,SWE,1974,1601.4701
Sweden,SWE,1975,1577.8241
Sweden,SWE,1976,1590.8451
Sweden,SWE,1977,1560.8611
Sweden,SWE,1978,1523.1381
Sweden,SWE,1979,1513.863
Sweden,SWE,1980,1516.8071
Sweden,SWE,1981,1508.4111
Sweden,SWE,1982,1522.5421
Sweden,SWE,1983,1531.8391
Sweden,SWE,1984,1534.0171
Sweden,SWE,1985,1538.0541
Sweden,SWE,1986,1536.0721
Sweden,SWE,1987,1546.1901
Sweden,SWE,1988,1565.7601
Sweden,SWE,1989,1564.6121
Sweden,SWE,1990,1560.9371
Sweden,SWE,1991,1547.6721
Sweden,SWE,1992,1565.2802
Sweden,SWE,1993,1596.9991
Sweden,SWE,1994,1635.2219
Sweden,SWE,1995,1640.3448
Sweden,SWE,1996,1653.0409
Sweden,SWE,1997,1657.969
Sweden,SWE,1998,1656.319
Sweden,SWE,1999,1664.8116
Sweden,SWE,2000,1642.0825
Sweden,SWE,2001,1618.2073
Sweden,SWE,2002,1594.8739
Sweden,SWE,2003,1581.5632
Sweden,SWE,2004,1605.5105
Sweden,SWE,2005,1605.0636
Sweden,SWE,2006,1599.1272
Sweden,SWE,2007,1611.4955
Sweden,SWE,2008,1616.8645
Sweden,SWE,2009,1609.1475
Sweden,SWE,2010,1635.0068
Sweden,SWE,2011,1632.517
Sweden,SWE,2012,1618.3754
Sweden,SWE,2013,1608.7183
Sweden,SWE,2014,1609.4229
Sweden,SWE,2015,1610.072
Sweden,SWE,2016,1626.4591
Sweden,SWE,2017,1609.2896
Switzerland,CHE,1870,3195
Switzerland,CHE,1880,3083
Switzerland,CHE,1890,2925
Switzerland,CHE,1900,2834
Switzerland,CHE,1913,2704
Switzerland,CHE,1929,2281
Switzerland,CHE,1938,2085
Switzerland,CHE,1950,2039.9952
Switzerland,CHE,1951,2032.3508
Switzerland,CHE,1952,2024.7351
Switzerland,CHE,1953,2017.1479
Switzerland,CHE,1954,2009.5891
Switzerland,CHE,1955,2002.0587
Switzerland,CHE,1956,1994.5564
Switzerland,CHE,1957,1987.0823
Switzerland,CHE,1958,1979.6362
Switzerland,CHE,1959,1972.218
Switzerland,CHE,1960,1964.8275
Switzerland,CHE,1961,1967.6351
Switzerland,CHE,1962,1970.4468
Switzerland,CHE,1963,1973.2623
Switzerland,CHE,1964,1976.082
Switzerland,CHE,1965,1978.9056
Switzerland,CHE,1966,1981.7334
Switzerland,CHE,1967,1984.5652
Switzerland,CHE,1968,1987.401
Switzerland,CHE,1969,1990.2408
Switzerland,CHE,1970,1993.0847
Switzerland,CHE,1971,1982.7787
Switzerland,CHE,1972,1958.4653
Switzerland,CHE,1973,1931.6665
Switzerland,CHE,1974,1902.8224
Switzerland,CHE,1975,1894.04
Switzerland,CHE,1976,1890.9156
Switzerland,CHE,1977,1863.4858
Switzerland,CHE,1978,1849.0386
Switzerland,CHE,1979,1836.3763
Switzerland,CHE,1980,1821.8396
Switzerland,CHE,1981,1802.5231
Switzerland,CHE,1982,1791.4211
Switzerland,CHE,1983,1776.668
Switzerland,CHE,1984,1757.5706
Switzerland,CHE,1985,1751.3289
Switzerland,CHE,1986,1742.7521
Switzerland,CHE,1987,1741.4824
Switzerland,CHE,1988,1740.955
Switzerland,CHE,1989,1725.7891
Switzerland,CHE,1990,1716.2208
Switzerland,CHE,1991,1713.7753
Switzerland,CHE,1992,1723.1902
Switzerland,CHE,1993,1719.4904
Switzerland,CHE,1994,1741.3113
Switzerland,CHE,1995,1720.2662
Switzerland,CHE,1996,1696.8719
Switzerland,CHE,1997,1687.4536
Switzerland,CHE,1998,1695.5345
Switzerland,CHE,1999,1717.401
Switzerland,CHE,2000,1712.743
Switzerland,CHE,2001,1672.8507
Switzerland,CHE,2002,1651.2583
Switzerland,CHE,2003,1664.5405
Switzerland,CHE,2004,1694.9532
Switzerland,CHE,2005,1689.9702
Switzerland,CHE,2006,1679.2384
Switzerland,CHE,2007,1668.87
Switzerland,CHE,2008,1659.459
Switzerland,CHE,2009,1650.7788
Switzerland,CHE,2010,1624.3464
Switzerland,CHE,2011,1619.3169
Switzerland,CHE,2012,1603.2313
Switzerland,CHE,2013,1582.8923
Switzerland,CHE,2014,1575.3215
Switzerland,CHE,2015,1589.4751
Switzerland,CHE,2016,1589.6758
Switzerland,CHE,2017,1589.6758
Taiwan,TWN,1951,2374.0693
Taiwan,TWN,1952,2371.8262
Taiwan,TWN,1953,2369.585
Taiwan,TWN,1954,2367.3459
Taiwan,TWN,1955,2365.1091
Taiwan,TWN,1956,2362.8743
Taiwan,TWN,1957,2360.6416
Taiwan,TWN,1958,2358.4111
Taiwan,TWN,1959,2356.1829
Taiwan,TWN,1960,2353.9563
Taiwan,TWN,1961,2351.7322
Taiwan,TWN,1962,2349.51
Taiwan,TWN,1963,2347.29
Taiwan,TWN,1964,2345.072
Taiwan,TWN,1965,2342.8562
Taiwan,TWN,1966,2340.6426
Taiwan,TWN,1967,2338.4309
Taiwan,TWN,1968,2336.2214
Taiwan,TWN,1969,2334.0139
Taiwan,TWN,1970,2331.8086
Taiwan,TWN,1971,2330.8506
Taiwan,TWN,1972,2326.832
Taiwan,TWN,1973,2321.9348
Taiwan,TWN,1974,2324.6641
Taiwan,TWN,1975,2322.5195
Taiwan,TWN,1976,2317.8567
Taiwan,TWN,1977,2310.4609
Taiwan,TWN,1978,2303.0276
Taiwan,TWN,1979,2336.6174
Taiwan,TWN,1980,2313.9087
Taiwan,TWN,1981,2310.124
Taiwan,TWN,1982,2269.4377
Taiwan,TWN,1983,2254.772
Taiwan,TWN,1984,2254.2988
Taiwan,TWN,1985,2244.3638
Taiwan,TWN,1986,2242.9446
Taiwan,TWN,1987,2276.5342
Taiwan,TWN,1988,2250.5142
Taiwan,TWN,1989,2231.5903
Taiwan,TWN,1990,2230.644
Taiwan,TWN,1991,2217.8704
Taiwan,TWN,1992,2220.2358
Taiwan,TWN,1993,2240.5791
Taiwan,TWN,1994,2184.7539
Taiwan,TWN,1995,2224.4939
Taiwan,TWN,1996,2198.0005
Taiwan,TWN,1997,2141.229
Taiwan,TWN,1998,2192.3232
Taiwan,TWN,1999,2190.4309
Taiwan,TWN,2000,2180.4958
Taiwan,TWN,2001,2125.6169
Taiwan,TWN,2002,2111.8972
Taiwan,TWN,2003,2117.1011
Taiwan,TWN,2004,2135.552
Taiwan,TWN,2005,2127.5093
Taiwan,TWN,2006,2134.6057
Taiwan,TWN,2007,2129.8748
Taiwan,TWN,2008,2073.5764
Taiwan,TWN,2009,2054.1794
Taiwan,TWN,2010,2062.6953
Taiwan,TWN,2011,2052.7603
Taiwan,TWN,2012,2066.9531
Taiwan,TWN,2013,2062.2222
Taiwan,TWN,2014,2059.0552
Taiwan,TWN,2015,2057.2129
Taiwan,TWN,2016,1989.1476
Taiwan,TWN,2017,1990.3212
Thailand,THA,1970,2455.3882
Thailand,THA,1971,2455.3594
Thailand,THA,1972,2352.2505
Thailand,THA,1973,2471.6731
Thailand,THA,1974,2489.0171
Thailand,THA,1975,2461.7449
Thailand,THA,1976,2457.4976
Thailand,THA,1977,2453.686
Thailand,THA,1978,2528.9993
Thailand,THA,1979,2619.8672
Thailand,THA,1980,2710.0938
Thailand,THA,1981,2632.8503
Thailand,THA,1982,2348.6577
Thailand,THA,1983,2682.0732
Thailand,THA,1984,2700.7273
Thailand,THA,1985,2672.2749
Thailand,THA,1986,2671.416
Thailand,THA,1987,2625.6653
Thailand,THA,1988,2648.564
Thailand,THA,1989,2715.4182
Thailand,THA,1990,2579.7546
Thailand,THA,1991,2627.6155
Thailand,THA,1992,2643.4509
Thailand,THA,1993,2564.5964
Thailand,THA,1994,2614.2803
Thailand,THA,1995,2609.0884
Thailand,THA,1996,2555.252
Thailand,THA,1997,2485.231
Thailand,THA,1998,2533.8186
Thailand,THA,1999,2498.4678
Thailand,THA,2000,2502.5249
Thailand,THA,2001,2404.644
Thailand,THA,2002,2393.9397
Thailand,THA,2003,2383.6968
Thailand,THA,2004,2389.0415
Thailand,THA,2005,2337.9712
Thailand,THA,2006,2325.6384
Thailand,THA,2007,2329.801
Thailand,THA,2008,2342.0806
Thailand,THA,2009,2354.0847
Thailand,THA,2010,2349.2905
Thailand,THA,2011,2357.5569
Thailand,THA,2012,2312.438
Thailand,THA,2013,2273.4939
Thailand,THA,2014,2247.321
Thailand,THA,2015,2185.4456
Thailand,THA,2016,2185.4456
Thailand,THA,2017,2185.4456
Trinidad and Tobago,TTO,1991,1585.0601
Trinidad and Tobago,TTO,1992,1564.7506
Trinidad and Tobago,TTO,1993,1580.2424
Trinidad and Tobago,TTO,1994,1591.5376
Trinidad and Tobago,TTO,1995,1602.2916
Trinidad and Tobago,TTO,1996,1618.5393
Trinidad and Tobago,TTO,1997,1627.1366
Trinidad and Tobago,TTO,1998,1630.5153
Trinidad and Tobago,TTO,1999,1636.525
Trinidad and Tobago,TTO,2000,1663.8954
Trinidad and Tobago,TTO,2001,1668.0447
Trinidad and Tobago,TTO,2002,1634.8004
Turkey,TUR,1970,2086
Turkey,TUR,1971,2077
Turkey,TUR,1972,2069
Turkey,TUR,1973,2060
Turkey,TUR,1974,2044
Turkey,TUR,1975,2028
Turkey,TUR,1976,2012
Turkey,TUR,1977,1996
Turkey,TUR,1978,1980
Turkey,TUR,1979,1964
Turkey,TUR,1980,1957
Turkey,TUR,1981,1950
Turkey,TUR,1982,1943
Turkey,TUR,1983,1935
Turkey,TUR,1984,1871
Turkey,TUR,1985,1898
Turkey,TUR,1986,1883
Turkey,TUR,1987,1844
Turkey,TUR,1988,1837
Turkey,TUR,1989,1867
Turkey,TUR,1990,1866
Turkey,TUR,1991,1870
Turkey,TUR,1992,1897
Turkey,TUR,1993,1917
Turkey,TUR,1994,1886
Turkey,TUR,1995,1876
Turkey,TUR,1996,1892
Turkey,TUR,1997,1878
Turkey,TUR,1998,1884
Turkey,TUR,1999,1925
Turkey,TUR,2000,1937
Turkey,TUR,2001,1942
Turkey,TUR,2002,1943
Turkey,TUR,2003,1943
Turkey,TUR,2004,1918
Turkey,TUR,2005,1936
Turkey,TUR,2006,1944
Turkey,TUR,2007,1911
Turkey,TUR,2008,1900
Turkey,TUR,2009,1881
Turkey,TUR,2010,1877
Turkey,TUR,2011,1864
Turkey,TUR,2012,1855
Turkey,TUR,2013,1832
Turkey,TUR,2014,1832
Turkey,TUR,2015,1832
Turkey,TUR,2016,1832
Turkey,TUR,2017,1832
United Kingdom,GBR,1870,2755
United Kingdom,GBR,1880,2740
United Kingdom,GBR,1890,2669
United Kingdom,GBR,1900,2656
United Kingdom,GBR,1913,2656
United Kingdom,GBR,1929,2257
United Kingdom,GBR,1938,2200
United Kingdom,GBR,1950,2183.9436
United Kingdom,GBR,1951,2192.6638
United Kingdom,GBR,1952,2160.8586
United Kingdom,GBR,1953,2164.7798
United Kingdom,GBR,1954,2168.9309
United Kingdom,GBR,1955,2167.363
United Kingdom,GBR,1956,2153.7795
United Kingdom,GBR,1957,2132.2522
United Kingdom,GBR,1958,2102.4534
United Kingdom,GBR,1959,2112.238
United Kingdom,GBR,1960,2103.5837
United Kingdom,GBR,1961,2066.811
United Kingdom,GBR,1962,2029.0448
United Kingdom,GBR,1963,2020.5967
United Kingdom,GBR,1964,2020.8336
United Kingdom,GBR,1965,1997.568
United Kingdom,GBR,1966,1941.6097
United Kingdom,GBR,1967,1929.5275
United Kingdom,GBR,1968,1922.2015
United Kingdom,GBR,1969,1912.6047
United Kingdom,GBR,1970,1870.8944
United Kingdom,GBR,1971,1830.1425
United Kingdom,GBR,1972,1851.3665
United Kingdom,GBR,1973,1860.2523
United Kingdom,GBR,1974,1845.297
United Kingdom,GBR,1975,1814.0796
United Kingdom,GBR,1976,1807.0242
United Kingdom,GBR,1977,1816.9293
United Kingdom,GBR,1978,1818.0375
United Kingdom,GBR,1979,1815.493
United Kingdom,GBR,1980,1785.3964
United Kingdom,GBR,1981,1749.12
United Kingdom,GBR,1982,1745.4192
United Kingdom,GBR,1983,1739.5485
United Kingdom,GBR,1984,1745.7526
United Kingdom,GBR,1985,1748.0818
United Kingdom,GBR,1986,1742.7368
United Kingdom,GBR,1987,1747.5668
United Kingdom,GBR,1988,1754.7257
United Kingdom,GBR,1989,1758.5569
United Kingdom,GBR,1990,1745.9441
United Kingdom,GBR,1991,1720.5466
United Kingdom,GBR,1992,1714.3304
United Kingdom,GBR,1993,1710.316
United Kingdom,GBR,1994,1720.5905
United Kingdom,GBR,1995,1722.6252
United Kingdom,GBR,1996,1722.0925
United Kingdom,GBR,1997,1721.1954
United Kingdom,GBR,1998,1716.9994
United Kingdom,GBR,1999,1708.6104
United Kingdom,GBR,2000,1692.954
United Kingdom,GBR,2001,1695.9764
United Kingdom,GBR,2002,1678.5614
United Kingdom,GBR,2003,1669.3804
United Kingdom,GBR,2004,1666.7157
United Kingdom,GBR,2005,1669.7372
United Kingdom,GBR,2006,1663.9857
United Kingdom,GBR,2007,1665.8214
United Kingdom,GBR,2008,1660.4688
United Kingdom,GBR,2009,1638.3318
United Kingdom,GBR,2010,1643.2079
United Kingdom,GBR,2011,1641.3157
United Kingdom,GBR,2012,1655.1066
United Kingdom,GBR,2013,1665.8917
United Kingdom,GBR,2014,1672.2679
United Kingdom,GBR,2015,1669.0747
United Kingdom,GBR,2016,1668.3876
United Kingdom,GBR,2017,1670.2728
United States,USA,1870,3096
United States,USA,1880,3044
United States,USA,1890,2983
United States,USA,1900,2938
United States,USA,1913,2900
United States,USA,1929,2316
United States,USA,1938,1756
United States,USA,1950,1989.238
United States,USA,1951,2030.5599
United States,USA,1952,2026.7347
United States,USA,1953,2020.25
United States,USA,1954,1997.0837
United States,USA,1955,2004.5018
United States,USA,1956,1989.365
United States,USA,1957,1961.5238
United States,USA,1958,1927.5476
United States,USA,1959,1952.8529
United States,USA,1960,1934.2875
United States,USA,1961,1919.7972
United States,USA,1962,1939.2451
United States,USA,1963,1927.4596
United States,USA,1964,1933.1255
United States,USA,1965,1952.99
United States,USA,1966,1961.7112
United States,USA,1967,1938.9489
United States,USA,1968,1935.2845
United States,USA,1969,1935.9679
United States,USA,1970,1891.412
United States,USA,1971,1875.6472
United States,USA,1972,1873.3199
United States,USA,1973,1871.6733
United States,USA,1974,1843.8124
United States,USA,1975,1812.4165
United States,USA,1976,1808.4502
United States,USA,1977,1808.5083
United States,USA,1978,1814.8193
United States,USA,1979,1817.1194
United States,USA,1980,1801.3328
United States,USA,1981,1788.8071
United States,USA,1982,1771.0435
United States,USA,1983,1779.0808
United States,USA,1984,1794.722
United States,USA,1985,1800.7004
United States,USA,1986,1780.5117
United States,USA,1987,1787.9778
United States,USA,1988,1797.7433
United States,USA,1989,1809.9222
United States,USA,1990,1795.5515
United States,USA,1991,1787.2532
United States,USA,1992,1775.0881
United States,USA,1993,1790.0741
United States,USA,1994,1807.9658
United States,USA,1995,1817.5757
United States,USA,1996,1823.6223
United States,USA,1997,1828.6818
United States,USA,1998,1839.5144
United States,USA,1999,1841.6412
United States,USA,2000,1844.9187
United States,USA,2001,1823.8229
United States,USA,2002,1806.9037
United States,USA,2003,1791.0933
United States,USA,2004,1789.9679
United States,USA,2005,1787.311
United States,USA,2006,1787.5776
United States,USA,2007,1786.0842
United States,USA,2008,1767.0127
United States,USA,2009,1729.9553
United States,USA,2010,1736.095
United States,USA,2011,1745.0492
United States,USA,2012,1745.438
United States,USA,2013,1750.0786
United States,USA,2014,1754.4224
United States,USA,2015,1765.1826
United States,USA,2016,1760.796
United States,USA,2017,1757.2255
Uruguay,URY,1990,1788
Uruguay,URY,1991,1781.501
Uruguay,URY,1992,1775.0256
Uruguay,URY,1993,1768.5737
Uruguay,URY,1994,1762.1454
Uruguay,URY,1995,1755.7404
Uruguay,URY,1996,1749.3585
Uruguay,URY,1997,1743
Uruguay,URY,1998,1736.6646
Uruguay,URY,1999,1722
Uruguay,URY,2000,1704.0769
Uruguay,URY,2001,1672.7721
Uruguay,URY,2002,1635.8788
Uruguay,URY,2003,1612.8038
Uruguay,URY,2004,1638.4481
Uruguay,URY,2005,1628.0012
Uruguay,URY,2006,1622.7958
Uruguay,URY,2007,1608.918
Uruguay,URY,2008,1623.9033
Uruguay,URY,2009,1595.3755
Uruguay,URY,2010,1590.4384
Uruguay,URY,2011,1585.9154
Uruguay,URY,2012,1571.8634
Uruguay,URY,2013,1566.2067
Uruguay,URY,2014,1562.999
Uruguay,URY,2015,1552.347
Uruguay,URY,2016,1552.347
Uruguay,URY,2017,1552.347
Venezuela,VEN,1950,2179
Venezuela,VEN,1951,2162.9802
Venezuela,VEN,1952,2147.0784
Venezuela,VEN,1953,2131.2932
Venezuela,VEN,1954,2115.6243
Venezuela,VEN,1955,2100.0706
Venezuela,VEN,1956,2084.6311
Venezuela,VEN,1957,2069.3052
Venezuela,VEN,1958,2054.0918
Venezuela,VEN,1959,2038.9904
Venezuela,VEN,1960,2024
Venezuela,VEN,1961,2016.5787
Venezuela,VEN,1962,2009.1847
Venezuela,VEN,1963,2001.8177
Venezuela,VEN,1964,1994.4778
Venezuela,VEN,1965,1987.1648
Venezuela,VEN,1966,1979.8787
Venezuela,VEN,1967,1972.6191
Venezuela,VEN,1968,1965.3862
Venezuela,VEN,1969,1958.1799
Venezuela,VEN,1970,1951
Venezuela,VEN,1971,1955.6555
Venezuela,VEN,1972,1960.3223
Venezuela,VEN,1973,1965
Venezuela,VEN,1974,1969.5398
Venezuela,VEN,1975,1974.0902
Venezuela,VEN,1976,1978.651
Venezuela,VEN,1977,1983.2224
Venezuela,VEN,1978,1987.8043
Venezuela,VEN,1979,1992.3969
Venezuela,VEN,1980,1997
Venezuela,VEN,1981,1985.9822
Venezuela,VEN,1982,1975.0251
Venezuela,VEN,1983,1964.1285
Venezuela,VEN,1984,1953.2921
Venezuela,VEN,1985,1942.5154
Venezuela,VEN,1986,1931.7982
Venezuela,VEN,1987,1921.1401
Venezuela,VEN,1988,1910.5408
Venezuela,VEN,1989,1900
Venezuela,VEN,1990,1889
Venezuela,VEN,1991,1878.4707
Venezuela,VEN,1992,1868
Venezuela,VEN,1993,1888.8833
Venezuela,VEN,1994,1910
Venezuela,VEN,1995,1915.2285
Venezuela,VEN,1996,1920.4713
Venezuela,VEN,1997,1925.7284
Venezuela,VEN,1998,1931
Venezuela,VEN,1999,1886.8966
Venezuela,VEN,2000,1898.5117
Venezuela,VEN,2001,1869.4724
Venezuela,VEN,2002,1829.0203
Venezuela,VEN,2003,1801.2109
Venezuela,VEN,2004,1896.6949
Venezuela,VEN,2005,1922.8501
Vietnam,VNM,1970,2617.082
Vietnam,VNM,1971,2618.4055
Vietnam,VNM,1972,2619.8298
Vietnam,VNM,1973,2620.6924
Vietnam,VNM,1974,2621.9473
Vietnam,VNM,1975,2622.2305
Vietnam,VNM,1976,2623.5054
Vietnam,VNM,1977,2625.7358
Vietnam,VNM,1978,2626.2886
Vietnam,VNM,1979,2627.8647
Vietnam,VNM,1980,2629.6807
Vietnam,VNM,1981,2631.8984
Vietnam,VNM,1982,2633.2598
Vietnam,VNM,1983,2634.9053
Vietnam,VNM,1984,2637.0962
Vietnam,VNM,1985,2638.3945
Vietnam,VNM,1986,2637.0444
Vietnam,VNM,1987,2640.365
Vietnam,VNM,1988,2641.1133
Vietnam,VNM,1989,2641.7573
Vietnam,VNM,1990,2643.469
Vietnam,VNM,1991,2644.7563
Vietnam,VNM,1992,2646.5408
Vietnam,VNM,1993,2647.239
Vietnam,VNM,1994,2648.5125
Vietnam,VNM,1995,2648.729
Vietnam,VNM,1996,2648.8669
Vietnam,VNM,1997,2317.3438
Vietnam,VNM,1998,2362.4314
Vietnam,VNM,1999,2362.1404
Vietnam,VNM,2000,2393.6313
Vietnam,VNM,2001,2246.991
Vietnam,VNM,2002,2230.7598
Vietnam,VNM,2003,2254.8853
Vietnam,VNM,2004,2207.4919
Vietnam,VNM,2005,2191.7068
Vietnam,VNM,2006,2240.8411
Vietnam,VNM,2007,2241.1814
Vietnam,VNM,2008,2336.6824
Vietnam,VNM,2009,2405.3545
Vietnam,VNM,2010,2300.02
Vietnam,VNM,2011,2331.2832
Vietnam,VNM,2012,2310.541
Vietnam,VNM,2013,2267.4883
Vietnam,VNM,2014,2150.6357
Vietnam,VNM,2015,2169.5916
Vietnam,VNM,2016,2169.5916
Vietnam,VNM,2017,2169.5916